source,target
Health_economics,Health_Economics
Health_economics,Public_health
Health_economics,Outline_of_public_health
Health_economics,Community_health
Health_economics,Dental_public_health
Health_economics,Environmental_health
Health_economics,Epidemiology
Health_economics,Health_education
Health_economics,Health_promotion
Health_economics,Health_policy
Health_economics,Health_politics
Health_economics,Mental_health
Health_economics,Occupational_safety_and_health
Health_economics,Rehabilitation_(penology)
Health_economics,Sanitation
Health_economics,Sexual_and_reproductive_health
Health_economics,Social_medicine
Health_economics,Global_health
Health_economics,International_health
Health_economics,Disease_surveillance
Health_economics,Harm_reduction
Health_economics,Behavior_change_(public_health)
Health_economics,Health_indicators
Health_economics,Human_right_to_water_and_sanitation
Health_economics,Right_to_health
Health_economics,Supervised_injection_site
Health_economics,Universal_health_care
Health_economics,List_of_national_public_health_agencies
Health_economics,Template_talk:Public_health_sidebar
Health_economics,Economics
Health_economics,Outline_of_economics
Health_economics,Index_of_economics_articles
Health_economics,Glossary_of_economics
Health_economics,List_of_economists
Health_economics,Economic_methodology
Health_economics,Theoretical_economics
Health_economics,Mathematical_model
Health_economics,Game_theory
Health_economics,Rational_agent_model
Health_economics,Cognitive_science
Health_economics,Behavioral_economics
Health_economics,Economic_equilibrium
Health_economics,Empirical_research
Health_economics,Experimental_economics
Health_economics,Econometrics
Health_economics,Time_series_econometrics
Health_economics,Spatial_econometrics
Health_economics,Causal_inference
Health_economics,Quasi-experiment
Health_economics,Normative_economics
Health_economics,Welfare_economics
Health_economics,Social_choice_theory
Health_economics,Decision_theory
Health_economics,Cost–benefit_analysis
Health_economics,JEL_classification_codes
Health_economics,Applied_economics
Health_economics,Econophysics
Health_economics,International_economics
Health_economics,Heterodox_economics
Health_economics,Microeconomics
Health_economics,Macroeconomics
Health_economics,Mainstream_economics
Health_economics,Mathematical_economics
Health_economics,Mechanism_design
Health_economics,Political_economy
Health_economics,Industrial_organization
Health_economics,Market_design
Health_economics,Agricultural_economics
Health_economics,Business_economics
Health_economics,Cultural_economics
Health_economics,Demographic_economics
Health_economics,Development_economics
Health_economics,Ecological_economics
Health_economics,Education_economics
Health_economics,Engineering_economics
Health_economics,Environmental_economics
Health_economics,Evolutionary_economics
Health_economics,Financial_economics
Health_economics,Economic_geography
Health_economics,Happiness_economics
Health_economics,Economic_history
Health_economics,Information_economics
Health_economics,Infrastructure_and_economics
Health_economics,Institutional_economics
Health_economics,Labour_economics
Health_economics,Law_and_economics
Health_economics,Managerial_economics
Health_economics,Non-monetary_economy
Health_economics,Organizational_economics
Health_economics,Economics_of_participation
Health_economics,Personnel_economics
Health_economics,Economic_planning
Health_economics,Economic_policy
Health_economics,Public_economics
Health_economics,Public_choice
Health_economics,Social_choice
Health_economics,Regional_economics
Health_economics,Regulatory_economics
Health_economics,Natural_resource_economics
Health_economics,Rural_economics
Health_economics,Service_economy
Health_economics,Transport_economics
Health_economics,Urban_economics
Health_economics,Template_talk:Economics_sidebar
Health_economics,Health_care_efficiency
Health_economics,Health
Health_economics,Healthcare
Health_economics,Quality-adjusted_life_year
Health_economics,Kenneth_Arrow
Health_economics,Government_intervention
Health_economics,Uncertainty
Health_economics,Information_asymmetry
Health_economics,Barriers_to_entry
Health_economics,Externality
Health_economics,Common_cold
Health_economics,Humane
Health_economics,Alan_Williams_(economist)
Health_economics,Plumbing_diagram
Health_economics,Demand_(economics)
Health_economics,Supply_(economics)
Health_economics,Micro-economic
Health_economics,Therapy
Health_economics,Market_equilibrium
Health_economics,Budgeting
Health_economics,Aristotle
Health_economics,William_Petty
Health_economics,The_American_Medical_Association
Health_economics,Second_World_War
Health_economics,Medical_research
Health_economics,Chronic_diseases
Health_economics,Gross_domestic_product
Health_economics,Gross_national_product
Health_economics,Healthcare_industry
Health_economics,World_Health_Organization
Health_economics,Moscow
Health_economics,University_of_Iowa
Health_economics,Derived_demand
Health_economics,World_Health_Report
Health_economics,Michael_Grossman_(economist)
Health_economics,Grossman_model_of_health_demand
Health_economics,Social_capital
Health_economics,Good_(economics)
Health_economics,Utility
Health_economics,Investment_good
Health_economics,Marginal_cost
Health_economics,Marginal_benefit
Health_economics,Health_Utilities_Index
Health_economics,OECD
Health_economics,List_of_countries_by_total_health_expenditure_per_capita
Health_economics,National_Institute_for_Health_and_Care_Excellence
Health_economics,Cost–utility_analysis
Health_economics,Incremental_cost-effectiveness_ratio
Health_economics,Anthony_J._Culyer
Health_economics,Biostatistics
Health_economics,Decision-making
Health_economics,Pharmacoeconomics
Health_economics,Human_capital
Health_economics,Capital_accumulation
Health_economics,Presenteeism
Health_economics,Knowledge_broker
Health_economics,Health_technology_assessment
Health_economics,Economic_evaluation
Health_economics,Cost-effectiveness_analysis
Health_economics,Health_system
Health_economics,Health_spending_as_percent_of_gross_domestic_product_(GDP)_by_country
Health_economics,Health_care_rationing
Health_economics,List_of_countries_by_GDP_(nominal)_per_capita
Health_economics,GDP
Health_economics,Out-of-pocket_expense
Health_economics,Financing
Health_economics,Physician
Health_economics,Nurse
Health_economics,Institutional
Health_economics,Education
Health_economics,Health_insurance_in_the_United_States
Health_economics,Adverse_selection
Health_economics,Preexisting_condition
Health_economics,Moral_hazard
Health_economics,RAND_Health_Insurance_Experiment
Health_economics,Supplier_induced_demand
Health_economics,Risk_management
Health_economics,Risk_premium
Health_economics,Health_insurance
Health_economics,Underinsurance_(healthcare)
Health_economics,HIV
Health_economics,AIDS
Health_economics,COVID-19
Health_economics,Cancer
Health_economics,Pre-existing_conditions
Health_economics,COVID-19_pandemic
Health_economics,Market_failure
Health_economics,Monopoly
Health_economics,Monopoly_profit
Health_economics,Competition
Health_economics,Productivity
Health_economics,Baumol_effect
Health_economics,Ageing
Health_economics,Health_administration
Health_economics,Health_care_fraud
Health_economics,Health_consumerism
Health_economics,Health_crisis
Health_economics,Health_equity
Health_economics,Health_insurance_marketplace
Health_economics,List_of_publications_in_economics
Health_economics,Medical_debt
Health_economics,Pharmacoepidemiology
Health_economics,Philosophy_of_healthcare
Health_economics,Prescription_costs
Health_economics,Priority-setting_in_global_health
Health_economics,Transparency_(market)
Health_economics,History_of_public_health_in_the_United_Kingdom
Health_economics,History_of_public_health_in_the_United_States
Health_economics,History_of_public_health_in_Chicago
Health_economics,History_of_public_health_in_New_York_City
Health_economics,Institut_für_Qualität_und_Wirtschaftlichkeit_im_Gesundheitswesen
Health_economics,Journal_of_Health_Economics
Health_economics,International_Journal_of_Technology_Assessment_in_Health_Care
Health_economics,The_European_Journal_of_Health_Economics
Health_economics,PharmacoEconomics_(journal)
Health_economics,Journal_of_Medical_Economics
Health_economics,Value_in_Health
Health_economics,"Health_Economics,_Policy_and_Law"
Health_economics,Expert_Review_of_Pharmacoeconomics_and_Outcomes_Research
Health_economics,Medical_Decision_Making_(journal)
Health_economics,Social_Science_and_Medicine
Health_economics,Doi_(identifier)
Health_economics,PMID_(identifier)
Health_economics,JSTOR_(identifier)
Health_economics,ISBN_(identifier)
Health_economics,Wayback_Machine
Health_economics,The_New_Palgrave:_A_Dictionary_of_Economics
Health_economics,The_New_Palgrave_Dictionary_of_Economics
Health_economics,PMC_(identifier)
Health_economics,Journal_of_Political_Economy
Health_economics,S2CID_(identifier)
Health_economics,Max_Roser
Health_economics,Our_World_in_Data
Health_economics,A.J._Culyer
Health_economics,Michael_Frank_Drummond
Health_economics,ISSN_(identifier)
Health_economics,Organisation_for_Economic_Co-operation_and_Development
Health_economics,Paul_Starr
Health_economics,The_Social_Transformation_of_American_Medicine
Health_economics,Bibcode_(identifier)
Health_economics,Template_talk:Health_care
Health_economics,Health_care
Health_economics,Medical_equipment
Health_economics,Medical_guideline
Health_economics,Health_care_industry
Health_economics,Health_care_provider
Health_economics,WHO's_ranking_of_health_care_systems
Health_economics,Health_care_reform
Health_economics,Medicine
Health_economics,Nursing
Health_economics,Pharmacy
Health_economics,Healthcare_science
Health_economics,Dentistry
Health_economics,Allied_health_professions
Health_economics,Health_information_management
Health_economics,Assisted_living
Health_economics,Clinic
Health_economics,Hospital
Health_economics,Hospital-at-home
Health_economics,Nursing_home
Health_economics,Medical_school
Health_economics,Academic_health_science_centre
Health_economics,Teaching_hospital
Health_economics,Pharmacy_school
Health_economics,Acute_care
Health_economics,Chronic_care
Health_economics,End-of-life_care
Health_economics,Hospice
Health_economics,Overutilization
Health_economics,Palliative_care
Health_economics,Primary_care
Health_economics,Self-care
Health_economics,Total_care
Health_economics,Doctor-patient_relationship
Health_economics,Cultural_competence_in_health_care
Health_economics,Medical_diagnosis
Health_economics,Medical_education
Health_economics,Medical_student
Health_economics,Universal_precautions
Health_economics,Health_technology
Health_economics,3D_bioprinting
Health_economics,Artificial_intelligence_in_healthcare
Health_economics,Connected_health
Health_economics,Digital_health
Health_economics,Electronic_health_record
Health_economics,MHealth
Health_economics,Nanomedicine
Health_economics,Telemedicine
Health_economics,Health_informatics
Health_economics,Medical_image_computing
Health_economics,Imaging_informatics
Health_economics,Neuroinformatics
Health_economics,Behavior_informatics
Health_economics,Computational_biology
Health_economics,Translational_bioinformatics
Health_economics,Translational_medicine
Health_economics,Health_information_technology
Health_economics,Public_health_informatics
Health_economics,Consumer_health_informatics
Health_economics,Health_care_systems_by_country
Health_economics,Healthcare_in_the_United_States
Health_economics,Healthcare_reform_debate_in_the_United_States
Health_economics,Healthcare_in_the_United_Kingdom
Health_economics,Healthcare_in_Canada
Health_economics,Health_care_in_Australia
Health_economics,Healthcare_in_New_Zealand
Health_economics,Template_talk:Health_care_quality
Health_economics,Health_care_quality
Health_economics,Evidence-based_medicine
Health_economics,Medical_consensus
Health_economics,Clinical_audit
Health_economics,Clinical_peer_review
Health_economics,Independent_medical_review
Health_economics,Health_care_ratings
Health_economics,Health_impact_assessment
Health_economics,Health_services_research
Health_economics,Routine_health_outcomes_measurement
Health_economics,Routine_outcome_measurement
Health_economics,Hospital_accreditation
Health_economics,International_healthcare_accreditation
Health_economics,List_of_international_healthcare_accreditation_organizations
Health_economics,Cost-minimization_analysis
Health_economics,Cost_per_procedure
Health_economics,Value_of_life
Health_economics,Clinical_Quality_Management_System
Health_economics,Disability-adjusted_life_year
Health_economics,Healthy_Life_Years
Health_economics,Template_talk:Public_health
Health_economics,Auxology
Health_economics,Biological_hazard
Health_economics,Chief_medical_officer
Health_economics,Effects_of_climate_change_on_human_health
Health_economics,Deviance_(sociology)
Health_economics,Eugenics
Health_economics,History_of_eugenics
Health_economics,New_eugenics
Health_economics,Euthenics
Health_economics,Public_health_genomics
Health_economics,Globalization_and_disease
Health_economics,Health_literacy
Health_economics,Housing_First
Health_economics,Management_of_depression
Health_economics,Public_health_law
Health_economics,National_public_health_institutes
Health_economics,Labor_rights
Health_economics,Maternal_health
Health_economics,Medical_anthropology
Health_economics,Medical_sociology
Health_economics,Minister_of_Mental_Health
Health_economics,Pharmaceutical_policy
Health_economics,Pollution
Health_economics,Air_pollution
Health_economics,Water_pollution
Health_economics,Soil_pollution
Health_economics,Radioactive_contamination
Health_economics,Light_pollution
Health_economics,Prisoners'_rights
Health_economics,Public_health_intervention
Health_economics,Public_health_laboratory
Health_economics,Right_to_food
Health_economics,Right_to_a_healthy_environment
Health_economics,Right_to_housing
Health_economics,Right_to_rest_and_leisure
Health_economics,Right_to_sit
Health_economics,Security_of_person
Health_economics,Social_psychology
Health_economics,Sociology_of_health_and_illness
Health_economics,Unisex_changing_rooms
Health_economics,Unisex_public_toilets
Health_economics,Workers'_right_to_access_the_toilet
Health_economics,Preventive_healthcare
Health_economics,Behavioural_change_theories
Health_economics,Drug_checking
Health_economics,Family_planning
Health_economics,Human_nutrition
Health_economics,Healthy_diet
Health_economics,Preventive_nutrition
Health_economics,Hygiene
Health_economics,Food_safety
Health_economics,Hand_washing
Health_economics,Infection_control
Health_economics,Oral_hygiene
Health_economics,Needle_and_syringe_programmes
Health_economics,Human_factors_and_ergonomics
Health_economics,Occupational_hygiene
Health_economics,Drug_policy
Health_economics,Injury_prevention
Health_economics,Occupational_medicine
Health_economics,Occupational_health_nursing
Health_economics,Patient_safety
Health_economics,Patient_safety_organization
Health_economics,Pharmacovigilance
Health_economics,Reagent_testing
Health_economics,Safe_sex
Health_economics,Emergency_sanitation
Health_economics,Fecal–oral_route
Health_economics,Open_defecation
Health_economics,Sanitary_sewer
Health_economics,Waterborne_diseases
Health_economics,Sanitation_worker
Health_economics,School_hygiene
Health_economics,Smoking_cessation
Health_economics,Vaccination
Health_economics,Vector_control
Health_economics,Population_health
Health_economics,Adult_mortality
Health_economics,Child_mortality
Health_economics,Infant_mortality
Health_economics,List_of_open-source_health_software
Health_economics,Multimorbidity
Health_economics,Social_determinants_of_health
Health_economics,Commercial_determinants_of_health
Health_economics,Race_and_health
Health_economics,Case–control_study
Health_economics,Randomized_controlled_trial
Health_economics,Relative_risk
Health_economics,Statistical_hypothesis_testing
Health_economics,Analysis_of_variance
Health_economics,Regression_analysis
Health_economics,ROC_curve
Health_economics,Student's_t-test
Health_economics,Z-test
Health_economics,List_of_statistical_packages
Health_economics,Asymptomatic_carrier
Health_economics,Epidemic
Health_economics,List_of_epidemics_and_pandemics
Health_economics,Notifiable_disease
Health_economics,List_of_notifiable_diseases
Health_economics,Public_health_surveillance
Health_economics,Quarantine
Health_economics,Sexually_transmitted_infection
Health_economics,Social_distancing
Health_economics,Tropical_disease
Health_economics,Vaccine_trial
Health_economics,WASH
Health_economics,Food_additive
Health_economics,Food_chemistry
Health_economics,Food_engineering
Health_economics,Food_microbiology
Health_economics,Food_processing
Health_economics,Good_agricultural_practice
Health_economics,Good_manufacturing_practice
Health_economics,HACCP
Health_economics,ISO_22000
Health_economics,Diffusion_of_innovations
Health_economics,Health_belief_model
Health_economics,Health_communication
Health_economics,Health_psychology
Health_economics,Positive_deviance
Health_economics,PRECEDE–PROCEED_model
Health_economics,Social_cognitive_theory
Health_economics,Social_norms_approach
Health_economics,Theory_of_planned_behavior
Health_economics,Transtheoretical_model
Health_economics,Caribbean_Public_Health_Agency
Health_economics,Chinese_Center_for_Disease_Control_and_Prevention
Health_economics,European_Centre_for_Disease_Prevention_and_Control
Health_economics,"European_Parliament_Committee_on_the_Environment,_Public_Health_and_Food_Safety"
Health_economics,Rospotrebnadzor
Health_economics,Ministry_of_Health_and_Family_Welfare
Health_economics,Health_Canada
Health_economics,Public_Health_Agency_of_Canada
Health_economics,Centers_for_Disease_Control_and_Prevention
Health_economics,Health_departments_in_the_United_States
Health_economics,Council_on_Education_for_Public_Health
Health_economics,United_States_Public_Health_Service
Health_economics,World_Toilet_Organization
Health_economics,Bachelor_of_Science_in_Public_Health
Health_economics,Doctor_of_Public_Health
Health_economics,Professional_degrees_of_public_health
Health_economics,History_of_public_health_in_Australia
Health_economics,Sara_Josephine_Baker
Health_economics,Samuel_Jay_Crumbine
Health_economics,Carl_Rogers_Darnall
Health_economics,Joseph_Lister
Health_economics,Margaret_Sanger
Health_economics,John_Snow_(physician)
Health_economics,Mary_Mallon
Health_economics,Radium_Girls
Health_economics,Germ_theory_of_disease
Health_economics,Social_hygiene_movement
Health_insurance_in_the_United_States,Healthcare_in_the_United_States
Health_insurance_in_the_United_States,Federal_Employees_Health_Benefits_Program
Health_insurance_in_the_United_States,Indian_Health_Service
Health_insurance_in_the_United_States,Medicaid
Health_insurance_in_the_United_States,Medicare_(United_States)
Health_insurance_in_the_United_States,Military_Health_System
Health_insurance_in_the_United_States,Tricare
Health_insurance_in_the_United_States,Children's_Health_Insurance_Program
Health_insurance_in_the_United_States,Program_of_All-Inclusive_Care_for_the_Elderly
Health_insurance_in_the_United_States,Veterans_Health_Administration
Health_insurance_in_the_United_States,Consumer-driven_healthcare
Health_insurance_in_the_United_States,Flexible_spending_account
Health_insurance_in_the_United_States,Health_reimbursement_account
Health_insurance_in_the_United_States,Health_savings_account
Health_insurance_in_the_United_States,High-deductible_health_plan
Health_insurance_in_the_United_States,Medical_savings_account_(United_States)
Health_insurance_in_the_United_States,Health_insurance_marketplace
Health_insurance_in_the_United_States,Premium_tax_credit
Health_insurance_in_the_United_States,Managed_care
Health_insurance_in_the_United_States,Exclusive_provider_organization
Health_insurance_in_the_United_States,Health_maintenance_organization
Health_insurance_in_the_United_States,Preferred_provider_organization
Health_insurance_in_the_United_States,Medical_underwriting
Health_insurance_in_the_United_States,Healthcare_reform_in_the_United_States
Health_insurance_in_the_United_States,Emergency_Medical_Treatment_and_Active_Labor_Act
Health_insurance_in_the_United_States,Health_Insurance_Portability_and_Accountability_Act
Health_insurance_in_the_United_States,"Medicare_Prescription_Drug,_Improvement,_and_Modernization_Act"
Health_insurance_in_the_United_States,Patient_Safety_and_Quality_Improvement_Act
Health_insurance_in_the_United_States,Health_Information_Technology_for_Economic_and_Clinical_Health_Act
Health_insurance_in_the_United_States,Patient_Protection_and_Affordable_Care_Act
Health_insurance_in_the_United_States,Dirigo_Health
Health_insurance_in_the_United_States,Maine
Health_insurance_in_the_United_States,Massachusetts_health_care_reform
Health_insurance_in_the_United_States,Oregon_Health_Plan
Health_insurance_in_the_United_States,SustiNet
Health_insurance_in_the_United_States,Connecticut
Health_insurance_in_the_United_States,Vermont_health_care_reform
Health_insurance_in_the_United_States,Healthcare_in_California
Health_insurance_in_the_United_States,Healthy_San_Francisco
Health_insurance_in_the_United_States,Healthy_Way_LA
Health_insurance_in_the_United_States,My_Health_LA
Health_insurance_in_the_United_States,Fair_Share_Health_Care_Act
Health_insurance_in_the_United_States,Healthy_Howard
Health_insurance_in_the_United_States,Template_talk:Health_care_in_the_United_States
Health_insurance_in_the_United_States,Health_insurance
Health_insurance_in_the_United_States,Social_insurance
Health_insurance_in_the_United_States,Social_welfare_program
Health_insurance_in_the_United_States,Financial_risk
Health_insurance_in_the_United_States,Disability_insurance
Health_insurance_in_the_United_States,Long_term_care_insurance
Health_insurance_in_the_United_States,Affordable_Care_Act
Health_insurance_in_the_United_States,Medicaid_expansion
Health_insurance_in_the_United_States,Health_insurance_coverage_in_the_United_States
Health_insurance_in_the_United_States,Rand_Corporation
Health_insurance_in_the_United_States,Charity_care
Health_insurance_in_the_United_States,Cost-shifting
Health_insurance_in_the_United_States,Free_clinic
Health_insurance_in_the_United_States,Federally_Qualified_Health_Center
Health_insurance_in_the_United_States,Haight_Ashbury_Free_Clinic
Health_insurance_in_the_United_States,Berkeley_Free_Clinic
Health_insurance_in_the_United_States,Lay_health_worker
Health_insurance_in_the_United_States,American_Journal_of_Public_Health
Health_insurance_in_the_United_States,Systematic_review
Health_insurance_in_the_United_States,Johns_Hopkins_Hospital
Health_insurance_in_the_United_States,Health_insurance_exchange
Health_insurance_in_the_United_States,Individual_shared_responsibility_provision
Health_insurance_in_the_United_States,Congressional_Budget_Office
Health_insurance_in_the_United_States,Tax_Cuts_and_Jobs_Act_of_2017
Health_insurance_in_the_United_States,Pre-existing_condition
Health_insurance_in_the_United_States,Deductible
Health_insurance_in_the_United_States,Copayment
Health_insurance_in_the_United_States,History_of_insurance
Health_insurance_in_the_United_States,Marine_Hospital_Service
Health_insurance_in_the_United_States,Accident_insurance
Health_insurance_in_the_United_States,Disability
Health_insurance_in_the_United_States,Health_care_prices_in_the_United_States
Health_insurance_in_the_United_States,Fee-for-service
Health_insurance_in_the_United_States,Blue_Cross_and_Blue_Shield_Association
Health_insurance_in_the_United_States,"Dallas,_Texas"
Health_insurance_in_the_United_States,Baylor_University_Medical_Center
Health_insurance_in_the_United_States,Presidency_of_Franklin_D._Roosevelt
Health_insurance_in_the_United_States,Social_Security_(United_States)
Health_insurance_in_the_United_States,American_Medical_Association
Health_insurance_in_the_United_States,National_War_Labor_Board_(1942–1945)
Health_insurance_in_the_United_States,World_War_II
Health_insurance_in_the_United_States,Market_tightness
Health_insurance_in_the_United_States,Fringe_benefits
Health_insurance_in_the_United_States,Harry_S._Truman
Health_insurance_in_the_United_States,Public_health_insurance
Health_insurance_in_the_United_States,United_States_Chamber_of_Commerce
Health_insurance_in_the_United_States,American_Hospital_Association
Health_insurance_in_the_United_States,Lyndon_B._Johnson
Health_insurance_in_the_United_States,End-stage_renal_disease
Health_insurance_in_the_United_States,ALS
Health_insurance_in_the_United_States,Healthcare_availability_for_undocumented_immigrants_in_the_United_States
Health_insurance_in_the_United_States,Ted_Kennedy
Health_insurance_in_the_United_States,Richard_M._Nixon
Health_insurance_in_the_United_States,Bill_Clinton
Health_insurance_in_the_United_States,"United_States_House_of_Representatives_elections,_1994"
Health_insurance_in_the_United_States,Public_option
Health_insurance_in_the_United_States,Insurance_in_the_United_States
Health_insurance_in_the_United_States,McCarran–Ferguson_Act
Health_insurance_in_the_United_States,National_Association_of_Insurance_Commissioners
Health_insurance_in_the_United_States,Pre-existing_medical_condition
Health_insurance_in_the_United_States,HMO
Health_insurance_in_the_United_States,Medi-Cal
Health_insurance_in_the_United_States,SCHIP
Health_insurance_in_the_United_States,Capitation_(healthcare)
Health_insurance_in_the_United_States,California_Department_of_Managed_Health_Care
Health_insurance_in_the_United_States,AHIP_(trade_association)
Health_insurance_in_the_United_States,Blue_Cross_Blue_Shield_Association
Health_insurance_in_the_United_States,TRICARE
Health_insurance_in_the_United_States,Medicare_Advantage
Health_insurance_in_the_United_States,Kidney_disease
Health_insurance_in_the_United_States,Medigap
Health_insurance_in_the_United_States,Balanced_Budget_Act_of_1997
Health_insurance_in_the_United_States,Medicare_Part_D
Health_insurance_in_the_United_States,Prescription_drug
Health_insurance_in_the_United_States,Social_security
Health_insurance_in_the_United_States,Social_Security_Act
Health_insurance_in_the_United_States,Centers_for_Medicare_and_Medicaid_Services
Health_insurance_in_the_United_States,Active_duty
Health_insurance_in_the_United_States,United_States_armed_forces
Health_insurance_in_the_United_States,Retirement
Health_insurance_in_the_United_States,United_States_Department_of_Defense
Health_insurance_in_the_United_States,Veteran
Health_insurance_in_the_United_States,List_of_United_States_insurance_companies
Health_insurance_in_the_United_States,United_States_Census_Bureau
Health_insurance_in_the_United_States,Employee_Retirement_Income_Security_Act
Health_insurance_in_the_United_States,Employee_benefit
Health_insurance_in_the_United_States,Cafeteria_plan
Health_insurance_in_the_United_States,Economies_of_scale
Health_insurance_in_the_United_States,Adverse_selection
Health_insurance_in_the_United_States,Regressive_tax
Health_insurance_in_the_United_States,Kaiser_Family_Foundation
Health_insurance_in_the_United_States,Employee_Benefit_Research_Institute
Health_insurance_in_the_United_States,Self-funded_health_care
Health_insurance_in_the_United_States,Employee_benefits
Health_insurance_in_the_United_States,RAND
Health_insurance_in_the_United_States,American_Enterprise_Institute
Health_insurance_in_the_United_States,Regression_toward_the_mean
Health_insurance_in_the_United_States,Insurance_broker
Health_insurance_in_the_United_States,Office_of_Personnel_Management
Health_insurance_in_the_United_States,Consolidated_Omnibus_Budget_Reconciliation_Act_of_1985
Health_insurance_in_the_United_States,Qualifying_event
Health_insurance_in_the_United_States,Los_Angeles_Times
Health_insurance_in_the_United_States,National_Governors'_Association
Health_insurance_in_the_United_States,New_York_Times
Health_insurance_in_the_United_States,United_States_Department_of_Labor
Health_insurance_in_the_United_States,Individually_purchased_health_insurance_in_the_United_States
Health_insurance_in_the_United_States,Indemnity
Health_insurance_in_the_United_States,Charge_description_master
Health_insurance_in_the_United_States,United_States
Health_insurance_in_the_United_States,U.S._state
Health_insurance_in_the_United_States,Federal_Employees_Health_Benefit_Plan
Health_insurance_in_the_United_States,Health_Maintenance_Organization
Health_insurance_in_the_United_States,Health_Maintenance_Organization_Act_of_1973
Health_insurance_in_the_United_States,Independent_practice_association
Health_insurance_in_the_United_States,HDHP
Health_insurance_in_the_United_States,America's_Health_Insurance_Plans
Health_insurance_in_the_United_States,Point_of_service_plan
Health_insurance_in_the_United_States,Disease_management_(health)
Health_insurance_in_the_United_States,Case_management_(USA_health_system)
Health_insurance_in_the_United_States,Workplace_wellness
Health_insurance_in_the_United_States,Patient_education
Health_insurance_in_the_United_States,Utilization_management
Health_insurance_in_the_United_States,Utilization_review
Health_insurance_in_the_United_States,Catastrophic_illness
Health_insurance_in_the_United_States,"San_Mateo,_California"
Health_insurance_in_the_United_States,Short-term_health_insurance
Health_insurance_in_the_United_States,Health_care_sharing_ministry
Health_insurance_in_the_United_States,Aetna
Health_insurance_in_the_United_States,UnitedHealth_Group
Health_insurance_in_the_United_States,Anthem_(company)
Health_insurance_in_the_United_States,Monopsony
Health_insurance_in_the_United_States,Federal_Trade_Commission
Health_insurance_in_the_United_States,United_States_Department_of_Justice
Health_insurance_in_the_United_States,Business_overhead_expense_disability_insurance
Health_insurance_in_the_United_States,Social_Security_Disability_Insurance
Health_insurance_in_the_United_States,Dental_insurance
Health_insurance_in_the_United_States,Critical_illness_insurance
Health_insurance_in_the_United_States,Accidental_death_and_dismemberment_insurance
Health_insurance_in_the_United_States,Edward_Beiser
Health_insurance_in_the_United_States,Jacob_M._Appel
Health_insurance_in_the_United_States,Health_Care_for_America_NOW!
Health_insurance_in_the_United_States,UnitedHealth
Health_insurance_in_the_United_States,Cigna
Health_insurance_in_the_United_States,Humana
Health_insurance_in_the_United_States,Express_Scripts
Health_insurance_in_the_United_States,The_Guardian
Health_insurance_in_the_United_States,Killing_of_Brian_Thompson
Health_insurance_in_the_United_States,Broccoli_mandate
Health_insurance_in_the_United_States,Health_care_reform
Health_insurance_in_the_United_States,Health_insurance_costs_in_the_United_States
Health_insurance_in_the_United_States,History_of_public_health_in_the_United_States
Health_insurance_in_the_United_States,List_of_healthcare_reform_advocacy_groups_in_the_United_States
Health_insurance_in_the_United_States,Medicare_Rights_Center
Health_insurance_in_the_United_States,Medicaid_estate_recovery
Health_insurance_in_the_United_States,Medicare_for_All_Act
Health_insurance_in_the_United_States,Physicians_for_a_National_Health_Program
Health_insurance_in_the_United_States,Publicly_funded_health_care
Health_insurance_in_the_United_States,RAND_Health_Insurance_Experiment
Health_insurance_in_the_United_States,Sicko
Health_insurance_in_the_United_States,Single-payer_healthcare
Health_insurance_in_the_United_States,Health_economics
Health_insurance_in_the_United_States,National_health_insurance
Health_insurance_in_the_United_States,Public_health
Health_insurance_in_the_United_States,Universal_health_care
Health_insurance_in_the_United_States,Welfare_spending
Health_insurance_in_the_United_States,Wayback_Machine
Health_insurance_in_the_United_States,The_New_York_Times
Health_insurance_in_the_United_States,Doi_(identifier)
Health_insurance_in_the_United_States,ISSN_(identifier)
Health_insurance_in_the_United_States,PMID_(identifier)
Health_insurance_in_the_United_States,ISBN_(identifier)
Health_insurance_in_the_United_States,Gallup_(company)
Health_insurance_in_the_United_States,American_College_of_Physicians
Health_insurance_in_the_United_States,S2CID_(identifier)
Health_insurance_in_the_United_States,Inquiry_(health_journal)
Health_insurance_in_the_United_States,Presidential_Studies_Quarterly
Health_insurance_in_the_United_States,OCLC_(identifier)
Health_insurance_in_the_United_States,YaleCourses
Health_insurance_in_the_United_States,PMC_(identifier)
Health_insurance_in_the_United_States,Melissa_Thomasson
Health_insurance_in_the_United_States,Harold_Pollack
Health_insurance_in_the_United_States,Associated_Press
Health_insurance_in_the_United_States,American_Economic_Review
Health_insurance_in_the_United_States,The_Heritage_Foundation
Health_insurance_in_the_United_States,Health_Affairs
Health_insurance_in_the_United_States,Boston_Globe
Health_insurance_in_the_United_States,Robert_Wood_Johnson_Foundation
Health_insurance_in_the_United_States,Society_of_Actuaries
Health_insurance_in_the_United_States,Agency_for_Healthcare_Research_and_Quality
Health_insurance_in_the_United_States,Commonwealth_Fund
Health_insurance_in_the_United_States,HuffPost
Health_insurance_in_the_United_States,ABC_News_(United_States)
Health_insurance_in_the_United_States,Template_talk:North_America_topic
Health_insurance_in_the_United_States,Health_insurance_in_Antigua_and_Barbuda
Health_insurance_in_the_United_States,Health_insurance_in_the_Bahamas
Health_insurance_in_the_United_States,Health_insurance_in_Barbados
Health_insurance_in_the_United_States,Health_insurance_in_Belize
Health_insurance_in_the_United_States,Health_insurance_in_Canada
Health_insurance_in_the_United_States,Health_insurance_in_Costa_Rica
Health_insurance_in_the_United_States,Health_insurance_in_Cuba
Health_insurance_in_the_United_States,Health_insurance_in_Dominica
Health_insurance_in_the_United_States,Health_insurance_in_the_Dominican_Republic
Health_insurance_in_the_United_States,Health_insurance_in_El_Salvador
Health_insurance_in_the_United_States,Health_insurance_in_Grenada
Health_insurance_in_the_United_States,Health_insurance_in_Guatemala
Health_insurance_in_the_United_States,Health_insurance_in_Haiti
Health_insurance_in_the_United_States,Health_insurance_in_Honduras
Health_insurance_in_the_United_States,Health_insurance_in_Jamaica
Health_insurance_in_the_United_States,Health_insurance_in_Mexico
Health_insurance_in_the_United_States,Health_insurance_in_Nicaragua
Health_insurance_in_the_United_States,Health_insurance_in_Panama
Health_insurance_in_the_United_States,Health_insurance_in_Saint_Kitts_and_Nevis
Health_insurance_in_the_United_States,Health_insurance_in_Saint_Lucia
Health_insurance_in_the_United_States,Health_insurance_in_Saint_Vincent_and_the_Grenadines
Health_insurance_in_the_United_States,Health_insurance_in_Trinidad_and_Tobago
Health_insurance_in_the_United_States,Health_insurance_in_Anguilla
Health_insurance_in_the_United_States,Health_insurance_in_Aruba
Health_insurance_in_the_United_States,Health_insurance_in_Bermuda
Health_insurance_in_the_United_States,Health_insurance_in_Bonaire
Health_insurance_in_the_United_States,Health_insurance_in_the_British_Virgin_Islands
Health_insurance_in_the_United_States,Health_insurance_in_the_Cayman_Islands
Health_insurance_in_the_United_States,Health_insurance_in_Curaçao
Health_insurance_in_the_United_States,Health_insurance_in_Greenland
Health_insurance_in_the_United_States,Health_insurance_in_Guadeloupe
Health_insurance_in_the_United_States,Health_insurance_in_Martinique
Health_insurance_in_the_United_States,Health_insurance_in_Montserrat
Health_insurance_in_the_United_States,Health_insurance_in_Puerto_Rico
Health_insurance_in_the_United_States,Health_insurance_in_Saint_Barthélemy
Health_insurance_in_the_United_States,Health_insurance_in_the_Collectivity_of_Saint_Martin
Health_insurance_in_the_United_States,Health_insurance_in_Saint_Pierre_and_Miquelon
Health_insurance_in_the_United_States,Health_insurance_in_Saba_(island)
Health_insurance_in_the_United_States,Health_insurance_in_Sint_Eustatius
Health_insurance_in_the_United_States,Health_insurance_in_Sint_Maarten
Health_insurance_in_the_United_States,Health_insurance_in_the_Turks_and_Caicos_Islands
Health_insurance_in_the_United_States,Health_insurance_in_the_United_States_Virgin_Islands
Health_insurance_in_the_United_States,Template_talk:United_States_topics
Health_insurance_in_the_United_States,History_of_the_United_States
Health_insurance_in_the_United_States,History_of_the_United_States_(1776–1789)
Health_insurance_in_the_United_States,History_of_the_United_States_(1789–1815)
Health_insurance_in_the_United_States,History_of_the_United_States_(1815–1849)
Health_insurance_in_the_United_States,History_of_the_United_States_(1849–1865)
Health_insurance_in_the_United_States,History_of_the_United_States_(1865–1917)
Health_insurance_in_the_United_States,History_of_the_United_States_(1917–1945)
Health_insurance_in_the_United_States,History_of_the_United_States_(1945–1964)
Health_insurance_in_the_United_States,History_of_the_United_States_(1964–1980)
Health_insurance_in_the_United_States,History_of_the_United_States_(1980–1991)
Health_insurance_in_the_United_States,History_of_the_United_States_(1991–2016)
Health_insurance_in_the_United_States,History_of_the_United_States_(2016–present)
Health_insurance_in_the_United_States,Pre-Columbian_era
Health_insurance_in_the_United_States,Colonial_history_of_the_United_States
Health_insurance_in_the_United_States,Stamp_Act_Congress
Health_insurance_in_the_United_States,Thirteen_Colonies
Health_insurance_in_the_United_States,Continental_Congress
Health_insurance_in_the_United_States,Continental_Association
Health_insurance_in_the_United_States,United_Colonies
Health_insurance_in_the_United_States,Colonial_American_military_history
Health_insurance_in_the_United_States,Founding_Fathers_of_the_United_States
Health_insurance_in_the_United_States,Halifax_Resolves
Health_insurance_in_the_United_States,Lee_Resolution
Health_insurance_in_the_United_States,United_States_Declaration_of_Independence
Health_insurance_in_the_United_States,American_Revolution
Health_insurance_in_the_United_States,American_Revolutionary_War
Health_insurance_in_the_United_States,Treaty_of_Paris_(1783)
Health_insurance_in_the_United_States,Articles_of_Confederation
Health_insurance_in_the_United_States,Perpetual_Union
Health_insurance_in_the_United_States,Confederation_of_United_States_of_America
Health_insurance_in_the_United_States,American_frontier
Health_insurance_in_the_United_States,Constitution_of_the_United_States
Health_insurance_in_the_United_States,Timeline_of_drafting_and_ratification_of_the_United_States_Constitution
Health_insurance_in_the_United_States,United_States_Bill_of_Rights
Health_insurance_in_the_United_States,Federalist_Era
Health_insurance_in_the_United_States,War_of_1812
Health_insurance_in_the_United_States,Territorial_evolution_of_the_United_States
Health_insurance_in_the_United_States,Mexican–American_War
Health_insurance_in_the_United_States,American_Civil_War
Health_insurance_in_the_United_States,Reconstruction_era
Health_insurance_in_the_United_States,American_Indian_Wars
Health_insurance_in_the_United_States,Native_American_genocide_in_the_United_States
Health_insurance_in_the_United_States,Gilded_Age
Health_insurance_in_the_United_States,Progressive_Era
Health_insurance_in_the_United_States,Women's_suffrage_in_the_United_States
Health_insurance_in_the_United_States,Civil_rights_movement_(1865–1896)
Health_insurance_in_the_United_States,Civil_rights_movement_(1896–1954)
Health_insurance_in_the_United_States,Civil_rights_movement
Health_insurance_in_the_United_States,Spanish–American_War
Health_insurance_in_the_United_States,American_imperialism
Health_insurance_in_the_United_States,United_States_in_World_War_I
Health_insurance_in_the_United_States,Roaring_Twenties
Health_insurance_in_the_United_States,Great_Depression_in_the_United_States
Health_insurance_in_the_United_States,Attack_on_Pearl_Harbor
Health_insurance_in_the_United_States,Military_history_of_the_United_States_during_World_War_II
Health_insurance_in_the_United_States,American_Century
Health_insurance_in_the_United_States,Assassination_of_John_F._Kennedy
Health_insurance_in_the_United_States,Cold_War
Health_insurance_in_the_United_States,Korean_War
Health_insurance_in_the_United_States,Vietnam_War
Health_insurance_in_the_United_States,Gulf_War
Health_insurance_in_the_United_States,Space_Race
Health_insurance_in_the_United_States,Second-wave_feminism
Health_insurance_in_the_United_States,Gay_liberation
Health_insurance_in_the_United_States,September_11_attacks
Health_insurance_in_the_United_States,War_on_terror
Health_insurance_in_the_United_States,War_in_Afghanistan_(2001–2021)
Health_insurance_in_the_United_States,Iraq_War
Health_insurance_in_the_United_States,Great_Recession_in_the_United_States
Health_insurance_in_the_United_States,COVID-19_pandemic_in_the_United_States
Health_insurance_in_the_United_States,Outline_of_the_history_of_the_United_States
Health_insurance_in_the_United_States,Demographic_history_of_the_United_States
Health_insurance_in_the_United_States,Timeline_of_United_States_discoveries
Health_insurance_in_the_United_States,Economic_history_of_the_United_States
Health_insurance_in_the_United_States,Environmental_history_of_the_United_States
Health_insurance_in_the_United_States,Timeline_of_United_States_inventions
Health_insurance_in_the_United_States,Military_history_of_the_United_States
Health_insurance_in_the_United_States,Postage_stamps_and_postal_history_of_the_United_States
Health_insurance_in_the_United_States,Technological_and_industrial_history_of_the_United_States
Health_insurance_in_the_United_States,Geography_of_the_United_States
Health_insurance_in_the_United_States,U.S._territorial_sovereignty
Health_insurance_in_the_United_States,Contiguous_United_States
Health_insurance_in_the_United_States,County_(United_States)
Health_insurance_in_the_United_States,"Washington,_D.C."
Health_insurance_in_the_United_States,Federal_enclave
Health_insurance_in_the_United_States,Indian_reservation
Health_insurance_in_the_United_States,Territories_of_the_United_States
Health_insurance_in_the_United_States,United_States_Minor_Outlying_Islands
Health_insurance_in_the_United_States,Lists_of_populated_places_in_the_United_States
Health_insurance_in_the_United_States,List_of_earthquakes_in_the_United_States
Health_insurance_in_the_United_States,List_of_extreme_points_of_the_United_States
Health_insurance_in_the_United_States,List_of_islands_of_the_United_States
Health_insurance_in_the_United_States,List_of_mountains_of_the_United_States
Health_insurance_in_the_United_States,List_of_mountain_peaks_of_the_United_States
Health_insurance_in_the_United_States,List_of_mountain_ranges
Health_insurance_in_the_United_States,Appalachian_Mountains
Health_insurance_in_the_United_States,Rocky_Mountains
Health_insurance_in_the_United_States,Sierra_Nevada
Health_insurance_in_the_United_States,National_Park_Service
Health_insurance_in_the_United_States,List_of_areas_in_the_United_States_National_Park_System
Health_insurance_in_the_United_States,List_of_regions_of_the_United_States
Health_insurance_in_the_United_States,East_Coast_of_the_United_States
Health_insurance_in_the_United_States,West_Coast_of_the_United_States
Health_insurance_in_the_United_States,Great_Plains
Health_insurance_in_the_United_States,Gulf_Coast_of_the_United_States
Health_insurance_in_the_United_States,Mid-Atlantic_(United_States)
Health_insurance_in_the_United_States,Midwestern_United_States
Health_insurance_in_the_United_States,New_England
Health_insurance_in_the_United_States,Central_United_States
Health_insurance_in_the_United_States,Eastern_United_States
Health_insurance_in_the_United_States,Northern_United_States
Health_insurance_in_the_United_States,Northeastern_United_States
Health_insurance_in_the_United_States,Northwestern_United_States
Health_insurance_in_the_United_States,Southern_United_States
Health_insurance_in_the_United_States,Southeastern_United_States
Health_insurance_in_the_United_States,Southwestern_United_States
Health_insurance_in_the_United_States,Western_United_States
Health_insurance_in_the_United_States,List_of_rivers_of_the_United_States
Health_insurance_in_the_United_States,Arkansas_River
Health_insurance_in_the_United_States,Colorado_River
Health_insurance_in_the_United_States,Columbia_River
Health_insurance_in_the_United_States,Mississippi_River
Health_insurance_in_the_United_States,Missouri_River
Health_insurance_in_the_United_States,Red_River_of_the_South
Health_insurance_in_the_United_States,Rio_Grande
Health_insurance_in_the_United_States,Yukon_River
Health_insurance_in_the_United_States,Time_in_the_United_States
Health_insurance_in_the_United_States,Water_supply_and_sanitation_in_the_United_States
Health_insurance_in_the_United_States,List_of_World_Heritage_Sites_in_the_United_States
Health_insurance_in_the_United_States,Politics_of_the_United_States
Health_insurance_in_the_United_States,Federal_government_of_the_United_States
Health_insurance_in_the_United_States,President_of_the_United_States
Health_insurance_in_the_United_States,Powers_of_the_president_of_the_United_States
Health_insurance_in_the_United_States,Executive_Office_of_the_President_of_the_United_States
Health_insurance_in_the_United_States,Vice_President_of_the_United_States
Health_insurance_in_the_United_States,Cabinet_of_the_United_States
Health_insurance_in_the_United_States,United_States_federal_executive_departments
Health_insurance_in_the_United_States,Independent_agencies_of_the_United_States_government
Health_insurance_in_the_United_States,United_States_Intelligence_Community
Health_insurance_in_the_United_States,Director_of_National_Intelligence
Health_insurance_in_the_United_States,Central_Intelligence_Agency
Health_insurance_in_the_United_States,National_Security_Agency
Health_insurance_in_the_United_States,National_Reconnaissance_Office
Health_insurance_in_the_United_States,Federal_law_enforcement_in_the_United_States
Health_insurance_in_the_United_States,"Bureau_of_Alcohol,_Tobacco,_Firearms_and_Explosives"
Health_insurance_in_the_United_States,U.S._Customs_and_Border_Protection
Health_insurance_in_the_United_States,Bureau_of_Diplomatic_Security
Health_insurance_in_the_United_States,Drug_Enforcement_Administration
Health_insurance_in_the_United_States,Federal_Bureau_of_Investigation
Health_insurance_in_the_United_States,United_States_Immigration_and_Customs_Enforcement
Health_insurance_in_the_United_States,United_States_Marshals_Service
Health_insurance_in_the_United_States,United_States_Secret_Service
Health_insurance_in_the_United_States,Transportation_Security_Administration
Health_insurance_in_the_United_States,Office_of_Inspector_General_(United_States)
Health_insurance_in_the_United_States,United_States_federal_civil_service
Health_insurance_in_the_United_States,Public_policy_of_the_United_States
Health_insurance_in_the_United_States,United_States_Congress
Health_insurance_in_the_United_States,United_States_House_of_Representatives
Health_insurance_in_the_United_States,List_of_current_United_States_representatives
Health_insurance_in_the_United_States,Speaker_of_the_United_States_House_of_Representatives
Health_insurance_in_the_United_States,United_States_Senate
Health_insurance_in_the_United_States,List_of_current_United_States_senators
Health_insurance_in_the_United_States,President_pro_tempore_of_the_United_States_Senate
Health_insurance_in_the_United_States,United_States_Capitol_Police
Health_insurance_in_the_United_States,Library_of_Congress
Health_insurance_in_the_United_States,United_States_Government_Accountability_Office
Health_insurance_in_the_United_States,United_States_Government_Publishing_Office
Health_insurance_in_the_United_States,Federal_judiciary_of_the_United_States
Health_insurance_in_the_United_States,Supreme_Court_of_the_United_States
Health_insurance_in_the_United_States,Chief_Justice_of_the_United_States
Health_insurance_in_the_United_States,Associate_Justice_of_the_Supreme_Court_of_the_United_States
Health_insurance_in_the_United_States,List_of_justices_of_the_Supreme_Court_of_the_United_States
Health_insurance_in_the_United_States,United_States_courts_of_appeals
Health_insurance_in_the_United_States,List_of_current_United_States_circuit_judges
Health_insurance_in_the_United_States,United_States_district_court
Health_insurance_in_the_United_States,United_States_territorial_court
Health_insurance_in_the_United_States,List_of_United_States_district_and_territorial_courts
Health_insurance_in_the_United_States,List_of_current_United_States_district_judges
Health_insurance_in_the_United_States,Federal_tribunals_in_the_United_States
Health_insurance_in_the_United_States,United_States_Attorney
Health_insurance_in_the_United_States,Law_of_the_United_States
Health_insurance_in_the_United_States,Civil_liberties_in_the_United_States
Health_insurance_in_the_United_States,Code_of_Federal_Regulations
Health_insurance_in_the_United_States,Federalism_in_the_United_States
Health_insurance_in_the_United_States,Federal_preemption
Health_insurance_in_the_United_States,Separation_of_powers_under_the_United_States_Constitution
Health_insurance_in_the_United_States,United_States_Code
Health_insurance_in_the_United_States,Uniformed_services_of_the_United_States
Health_insurance_in_the_United_States,United_States_Armed_Forces
Health_insurance_in_the_United_States,United_States_Army
Health_insurance_in_the_United_States,United_States_Marine_Corps
Health_insurance_in_the_United_States,United_States_Navy
Health_insurance_in_the_United_States,United_States_Air_Force
Health_insurance_in_the_United_States,United_States_Space_Force
Health_insurance_in_the_United_States,United_States_Coast_Guard
Health_insurance_in_the_United_States,National_Guard_(United_States)
Health_insurance_in_the_United_States,NOAA_Commissioned_Officer_Corps
Health_insurance_in_the_United_States,United_States_Public_Health_Service_Commissioned_Corps
Health_insurance_in_the_United_States,State_governments_of_the_United_States
Health_insurance_in_the_United_States,Government_of_the_District_of_Columbia
Health_insurance_in_the_United_States,State_constitutional_officer
Health_insurance_in_the_United_States,Governor_(United_States)
Health_insurance_in_the_United_States,List_of_current_United_States_governors
Health_insurance_in_the_United_States,Lieutenant_governor_(United_States)
Health_insurance_in_the_United_States,List_of_current_United_States_lieutenant_governors
Health_insurance_in_the_United_States,Secretary_of_state_(U.S._state_government)
Health_insurance_in_the_United_States,State_attorney_general
Health_insurance_in_the_United_States,State_treasurer
Health_insurance_in_the_United_States,State_auditor
Health_insurance_in_the_United_States,Agriculture_commissioner
Health_insurance_in_the_United_States,Insurance_commissioner
Health_insurance_in_the_United_States,Public_utilities_commission
Health_insurance_in_the_United_States,State_police_(United_States)
Health_insurance_in_the_United_States,List_of_United_States_state_and_local_law_enforcement_agencies
Health_insurance_in_the_United_States,State_legislature_(United_States)
Health_insurance_in_the_United_States,List_of_United_States_state_legislatures
Health_insurance_in_the_United_States,List_of_U.S._state_legislators
Health_insurance_in_the_United_States,State_court_(United_States)
Health_insurance_in_the_United_States,State_supreme_court
Health_insurance_in_the_United_States,List_of_state_chief_justices
Health_insurance_in_the_United_States,District_attorney
Health_insurance_in_the_United_States,List_of_district_attorneys_by_county
Health_insurance_in_the_United_States,State_law_(United_States)
Health_insurance_in_the_United_States,State_constitutions_in_the_United_States
Health_insurance_in_the_United_States,List_of_U.S._state_statutory_codes
Health_insurance_in_the_United_States,Uniform_act
Health_insurance_in_the_United_States,Comparison_of_U.S._state_and_territory_governments
Health_insurance_in_the_United_States,Tribe_(Native_American)
Health_insurance_in_the_United_States,Tribal_sovereignty_in_the_United_States
Health_insurance_in_the_United_States,Native_American_recognition_in_the_United_States
Health_insurance_in_the_United_States,List_of_federally_recognized_tribes_in_the_contiguous_United_States
Health_insurance_in_the_United_States,List_of_Alaska_Native_tribal_entities
Health_insurance_in_the_United_States,State-recognized_tribes_in_the_United_States
Health_insurance_in_the_United_States,List_of_Indian_reservations_in_the_United_States
Health_insurance_in_the_United_States,Hawaiian_home_land
Health_insurance_in_the_United_States,Local_government_in_the_United_States
Health_insurance_in_the_United_States,List_of_United_States_counties_and_county_equivalents
Health_insurance_in_the_United_States,County_executive
Health_insurance_in_the_United_States,Sheriffs_in_the_United_States
Health_insurance_in_the_United_States,Municipal_clerk
Health_insurance_in_the_United_States,Consolidated_city-county
Health_insurance_in_the_United_States,Independent_city_(United_States)
Health_insurance_in_the_United_States,Coterminous_municipality
Health_insurance_in_the_United_States,Municipal_charter
Health_insurance_in_the_United_States,Mayor–council_government
Health_insurance_in_the_United_States,Council–manager_government
Health_insurance_in_the_United_States,City_commission_government
Health_insurance_in_the_United_States,Mayoralty_in_the_United_States
Health_insurance_in_the_United_States,City_manager
Health_insurance_in_the_United_States,Municipal_council
Health_insurance_in_the_United_States,Minor_civil_division
Health_insurance_in_the_United_States,Civil_township
Health_insurance_in_the_United_States,Town_meeting
Health_insurance_in_the_United_States,Special_district_(United_States)
Health_insurance_in_the_United_States,School_district
Health_insurance_in_the_United_States,Lists_of_school_districts_in_the_United_States
Health_insurance_in_the_United_States,Corruption_in_the_United_States
Health_insurance_in_the_United_States,Democratic_backsliding_in_the_United_States
Health_insurance_in_the_United_States,Elections_in_the_United_States
Health_insurance_in_the_United_States,United_States_Electoral_College
Health_insurance_in_the_United_States,Red_states_and_blue_states
Health_insurance_in_the_United_States,Foreign_relations_of_the_United_States
Health_insurance_in_the_United_States,Foreign_policy_of_the_United_States
Health_insurance_in_the_United_States,Imperial_presidency
Health_insurance_in_the_United_States,Political_ideologies_in_the_United_States
Health_insurance_in_the_United_States,Anti-Americanism
Health_insurance_in_the_United_States,American_exceptionalism
Health_insurance_in_the_United_States,American_nationalism
Health_insurance_in_the_United_States,Political_parties_in_the_United_States
Health_insurance_in_the_United_States,Democratic_Party_(United_States)
Health_insurance_in_the_United_States,Republican_Party_(United_States)
Health_insurance_in_the_United_States,Third_party_(U.S._politics)
Health_insurance_in_the_United_States,List_of_federal_political_scandals_in_the_United_States
Health_insurance_in_the_United_States,Economy_of_the_United_States
Health_insurance_in_the_United_States,Economy_of_the_United_States_by_sector
Health_insurance_in_the_United_States,Agriculture_in_the_United_States
Health_insurance_in_the_United_States,Banking_in_the_United_States
Health_insurance_in_the_United_States,Communications_in_the_United_States
Health_insurance_in_the_United_States,List_of_companies_of_the_United_States_by_state
Health_insurance_in_the_United_States,Energy_in_the_United_States
Health_insurance_in_the_United_States,Manufacturing_in_the_United_States
Health_insurance_in_the_United_States,Mining_in_the_United_States
Health_insurance_in_the_United_States,Science_and_technology_in_the_United_States
Health_insurance_in_the_United_States,Tourism_in_the_United_States
Health_insurance_in_the_United_States,Foreign_trade_of_the_United_States
Health_insurance_in_the_United_States,United_States_dollar
Health_insurance_in_the_United_States,List_of_exports_of_the_United_States
Health_insurance_in_the_United_States,United_States_federal_budget
Health_insurance_in_the_United_States,Greenhouse_gas_emissions_by_the_United_States
Health_insurance_in_the_United_States,Federal_Reserve
Health_insurance_in_the_United_States,Financial_position_of_the_United_States
Health_insurance_in_the_United_States,Labor_unions_in_the_United_States
Health_insurance_in_the_United_States,National_debt_of_the_United_States
Health_insurance_in_the_United_States,Silicon_Valley
Health_insurance_in_the_United_States,Social_programs_in_the_United_States
Health_insurance_in_the_United_States,Taxation_in_the_United_States
Health_insurance_in_the_United_States,Unemployment_in_the_United_States
Health_insurance_in_the_United_States,Wall_Street
Health_insurance_in_the_United_States,Transport_in_the_United_States
Health_insurance_in_the_United_States,Aviation_in_the_United_States
Health_insurance_in_the_United_States,Driving_in_the_United_States
Health_insurance_in_the_United_States,Public_transportation_in_the_United_States
Health_insurance_in_the_United_States,Rail_transportation_in_the_United_States
Health_insurance_in_the_United_States,Transportation_policy_of_the_United_States
Health_insurance_in_the_United_States,Transportation_safety_in_the_United_States
Health_insurance_in_the_United_States,Trucking_industry_in_the_United_States
Health_insurance_in_the_United_States,Culture_of_the_United_States
Health_insurance_in_the_United_States,Americana_(culture)
Health_insurance_in_the_United_States,Architecture_in_the_United_States
Health_insurance_in_the_United_States,Cinema_of_the_United_States
Health_insurance_in_the_United_States,Crime_in_the_United_States
Health_insurance_in_the_United_States,American_cuisine
Health_insurance_in_the_United_States,Dance_in_the_United_States
Health_insurance_in_the_United_States,Demographics_of_the_United_States
Health_insurance_in_the_United_States,Affluence_in_the_United_States
Health_insurance_in_the_United_States,Eviction_in_the_United_States
Health_insurance_in_the_United_States,Homeownership_in_the_United_States
Health_insurance_in_the_United_States,Household_income_in_the_United_States
Health_insurance_in_the_United_States,Income_inequality_in_the_United_States
Health_insurance_in_the_United_States,American_middle_class
Health_insurance_in_the_United_States,Personal_income_in_the_United_States
Health_insurance_in_the_United_States,Poverty_in_the_United_States
Health_insurance_in_the_United_States,Standard_of_living_in_the_United_States
Health_insurance_in_the_United_States,Working_class_in_the_United_States
Health_insurance_in_the_United_States,Education_in_the_United_States
Health_insurance_in_the_United_States,Educational_attainment_in_the_United_States
Health_insurance_in_the_United_States,Literacy_in_the_United_States
Health_insurance_in_the_United_States,Family_in_the_United_States
Health_insurance_in_the_United_States,Fashion_in_the_United_States
Health_insurance_in_the_United_States,Flag_of_the_United_States
Health_insurance_in_the_United_States,List_of_flags_of_the_United_States
Health_insurance_in_the_United_States,Folklore_of_the_United_States
Health_insurance_in_the_United_States,Public_holidays_in_the_United_States
Health_insurance_in_the_United_States,Federal_holidays_in_the_United_States
Health_insurance_in_the_United_States,Homelessness_in_the_United_States
Health_insurance_in_the_United_States,Housing_in_the_United_States
Health_insurance_in_the_United_States,Human_rights_in_the_United_States
Health_insurance_in_the_United_States,Languages_of_the_United_States
Health_insurance_in_the_United_States,American_English
Health_insurance_in_the_United_States,Indigenous_languages_of_the_Americas
Health_insurance_in_the_United_States,American_Sign_Language
Health_insurance_in_the_United_States,List_of_libraries_in_the_United_States
Health_insurance_in_the_United_States,American_literature
Health_insurance_in_the_United_States,Mass_media_in_the_United_States
Health_insurance_in_the_United_States,History_of_American_journalism
Health_insurance_in_the_United_States,Internet_in_the_United_States
Health_insurance_in_the_United_States,History_of_American_newspapers
Health_insurance_in_the_United_States,Radio_in_the_United_States
Health_insurance_in_the_United_States,Television_in_the_United_States
Health_insurance_in_the_United_States,Music_of_the_United_States
Health_insurance_in_the_United_States,Naming_in_the_United_States
Health_insurance_in_the_United_States,The_Star-Spangled_Banner
Health_insurance_in_the_United_States,National_symbols_of_the_United_States
Health_insurance_in_the_United_States,Columbia_(personification)
Health_insurance_in_the_United_States,Mount_Rushmore
Health_insurance_in_the_United_States,Statue_of_Liberty
Health_insurance_in_the_United_States,Uncle_Sam
Health_insurance_in_the_United_States,Americans
Health_insurance_in_the_United_States,American_philosophy
Health_insurance_in_the_United_States,Race_and_ethnicity_in_the_United_States
Health_insurance_in_the_United_States,Religion_in_the_United_States
Health_insurance_in_the_United_States,Sexuality_in_the_United_States
Health_insurance_in_the_United_States,Social_class_in_the_United_States
Health_insurance_in_the_United_States,Society_of_the_United_States
Health_insurance_in_the_United_States,Sports_in_the_United_States
Health_insurance_in_the_United_States,History_of_sports_in_the_United_States
Health_insurance_in_the_United_States,Theater_in_the_United_States
Health_insurance_in_the_United_States,Transportation_in_the_United_States
Health_insurance_in_the_United_States,Video_games_in_the_United_States
Health_insurance_in_the_United_States,Visual_art_of_the_United_States
Health_insurance_in_the_United_States,American_Dream
Health_insurance_in_the_United_States,Health_in_the_United_States
Health_insurance_in_the_United_States,Aging_of_the_United_States
Health_insurance_in_the_United_States,Abortion_in_the_United_States
Health_insurance_in_the_United_States,Birth_control_in_the_United_States
Health_insurance_in_the_United_States,Prenatal_care_in_the_United_States
Health_insurance_in_the_United_States,Hospice_care_in_the_United_States
Health_insurance_in_the_United_States,Immigrant_health_care_in_the_United_States
Health_insurance_in_the_United_States,Healthcare_rationing_in_the_United_States
Health_insurance_in_the_United_States,Health_care_finance_in_the_United_States
Health_insurance_in_the_United_States,Prescription_drug_prices_in_the_United_States
Health_insurance_in_the_United_States,Disability_in_the_United_States
Health_insurance_in_the_United_States,Food_safety_in_the_United_States
Health_insurance_in_the_United_States,Physician_shortage_in_the_United_States
Health_insurance_in_the_United_States,Poverty_and_health_in_the_United_States
Health_insurance_in_the_United_States,Race_and_health_in_the_United_States
Health_insurance_in_the_United_States,Obesity_in_the_United_States
Health_insurance_in_the_United_States,Medical_deserts_in_the_United_States
Health_insurance_in_the_United_States,Women's_reproductive_health_in_the_United_States
Health_insurance_in_the_United_States,List_of_U.S._states_and_territories_by_life_expectancy
Health_insurance_in_the_United_States,Capital_punishment_in_the_United_States
Health_insurance_in_the_United_States,Incarceration_in_the_United_States
Health_insurance_in_the_United_States,Criticism_of_the_United_States_government
Health_insurance_in_the_United_States,Discrimination_in_the_United_States
Health_insurance_in_the_United_States,Affirmative_action_in_the_United_States
Health_insurance_in_the_United_States,Antisemitism_in_the_United_States
Health_insurance_in_the_United_States,Intersex_rights_in_the_United_States
Health_insurance_in_the_United_States,Islamophobia_in_the_United_States
Health_insurance_in_the_United_States,LGBTQ_rights_in_the_United_States
Health_insurance_in_the_United_States,Racism_in_the_United_States
Health_insurance_in_the_United_States,Racism_against_Native_Americans_in_the_United_States
Health_insurance_in_the_United_States,Racism_against_African_Americans
Health_insurance_in_the_United_States,Energy_policy_of_the_United_States
Health_insurance_in_the_United_States,Environmental_issues_in_the_United_States
Health_insurance_in_the_United_States,Environmental_movement_in_the_United_States
Health_insurance_in_the_United_States,Climate_change_in_the_United_States
Health_insurance_in_the_United_States,Gun_politics_in_the_United_States
Health_insurance_in_the_United_States,Mass_shootings_in_the_United_States
Health_insurance_in_the_United_States,Hunger_in_the_United_States
Health_insurance_in_the_United_States,Tobacco_in_the_United_States
Health_insurance_in_the_United_States,Immigration_to_the_United_States
Health_insurance_in_the_United_States,Illegal_immigration_to_the_United_States
Health_insurance_in_the_United_States,National_security_of_the_United_States
Health_insurance_in_the_United_States,Terrorism_in_the_United_States
Health_insurance_in_the_United_States,Opioid_epidemic_in_the_United_States
Health_insurance_in_the_United_States,Separation_of_church_and_state_in_the_United_States
Health_insurance_in_the_United_States,Xenophobia_in_the_United_States
Health_insurance_in_the_United_States,Outline_of_the_United_States
Health_insurance_in_the_United_States,Template_talk:Employment
Health_insurance_in_the_United_States,Employment
Health_insurance_in_the_United_States,Academic_tenure
Health_insurance_in_the_United_States,Casual_employment_(contract)
Health_insurance_in_the_United_States,Contingent_work
Health_insurance_in_the_United_States,Full-time_job
Health_insurance_in_the_United_States,Gig_worker
Health_insurance_in_the_United_States,Job_sharing
Health_insurance_in_the_United_States,Part-time_job
Health_insurance_in_the_United_States,Self-employment
Health_insurance_in_the_United_States,Side_job
Health_insurance_in_the_United_States,Skilled_worker
Health_insurance_in_the_United_States,Journeyman
Health_insurance_in_the_United_States,Technician
Health_insurance_in_the_United_States,Tradesperson
Health_insurance_in_the_United_States,Independent_contractor
Health_insurance_in_the_United_States,Labour_hire
Health_insurance_in_the_United_States,Temporary_work
Health_insurance_in_the_United_States,Laborer
Health_insurance_in_the_United_States,Wage_labour
Health_insurance_in_the_United_States,Recruitment
Health_insurance_in_the_United_States,Application_for_employment
Health_insurance_in_the_United_States,Background_check
Health_insurance_in_the_United_States,Business_networking
Health_insurance_in_the_United_States,Cover_letter
Health_insurance_in_the_United_States,Curriculum_vitae
Health_insurance_in_the_United_States,Drug_test
Health_insurance_in_the_United_States,Employment_contract
Health_insurance_in_the_United_States,Employment_counsellor
Health_insurance_in_the_United_States,Executive_search
Health_insurance_in_the_United_States,List_of_executive_search_firms
Health_insurance_in_the_United_States,Induction_programme
Health_insurance_in_the_United_States,Job_fair
Health_insurance_in_the_United_States,Job_fraud
Health_insurance_in_the_United_States,Job_hunting
Health_insurance_in_the_United_States,Job_interview
Health_insurance_in_the_United_States,Letter_of_recommendation
Health_insurance_in_the_United_States,Onboarding
Health_insurance_in_the_United_States,Overqualification
Health_insurance_in_the_United_States,Person–environment_fit
Health_insurance_in_the_United_States,Personality–job_fit_theory
Health_insurance_in_the_United_States,Personality_hire
Health_insurance_in_the_United_States,Probation_(workplace)
Health_insurance_in_the_United_States,Realistic_job_preview
Health_insurance_in_the_United_States,Résumé
Health_insurance_in_the_United_States,Simultaneous_recruiting_of_new_graduates
Health_insurance_in_the_United_States,Underemployment
Health_insurance_in_the_United_States,Work-at-home_scheme
Health_insurance_in_the_United_States,Cooperative
Health_insurance_in_the_United_States,Employee
Health_insurance_in_the_United_States,Employer
Health_insurance_in_the_United_States,Internship
Health_insurance_in_the_United_States,Job_(role)
Health_insurance_in_the_United_States,Permanent_employment
Health_insurance_in_the_United_States,Supervisor
Health_insurance_in_the_United_States,Volunteering
Health_insurance_in_the_United_States,Social_class
Health_insurance_in_the_United_States,Blue-collar_worker
Health_insurance_in_the_United_States,Green-collar_worker
Health_insurance_in_the_United_States,Grey-collar
Health_insurance_in_the_United_States,Pink-collar_worker
Health_insurance_in_the_United_States,Precariat
Health_insurance_in_the_United_States,White-collar_worker
Health_insurance_in_the_United_States,Designation_of_workers_by_collar_color
Health_insurance_in_the_United_States,New-collar_worker
Health_insurance_in_the_United_States,Career
Health_insurance_in_the_United_States,Training
Health_insurance_in_the_United_States,Apprenticeship
Health_insurance_in_the_United_States,Artisan
Health_insurance_in_the_United_States,Master_craftsman
Health_insurance_in_the_United_States,Avocation
Health_insurance_in_the_United_States,Career_assessment
Health_insurance_in_the_United_States,Career_counseling
Health_insurance_in_the_United_States,Career_development
Health_insurance_in_the_United_States,Coaching
Health_insurance_in_the_United_States,Creative_class
Health_insurance_in_the_United_States,Education
Health_insurance_in_the_United_States,Continuing_education
Health_insurance_in_the_United_States,E-learning
Health_insurance_in_the_United_States,Employability
Health_insurance_in_the_United_States,Further_education
Health_insurance_in_the_United_States,Graduate_school
Health_insurance_in_the_United_States,Induction_training
Health_insurance_in_the_United_States,Knowledge_worker
Health_insurance_in_the_United_States,Licensure
Health_insurance_in_the_United_States,Lifelong_learning
Health_insurance_in_the_United_States,Overspecialization
Health_insurance_in_the_United_States,Practice-based_professional_learning
Health_insurance_in_the_United_States,Professional_association
Health_insurance_in_the_United_States,Professional_certification
Health_insurance_in_the_United_States,Professional_development
Health_insurance_in_the_United_States,Professional_school
Health_insurance_in_the_United_States,Reflective_practice
Health_insurance_in_the_United_States,Retraining
Health_insurance_in_the_United_States,Vocational_education
Health_insurance_in_the_United_States,Vocational_school
Health_insurance_in_the_United_States,Vocational_university
Health_insurance_in_the_United_States,Mentorship
Health_insurance_in_the_United_States,Occupational_Outlook_Handbook
Health_insurance_in_the_United_States,Practice_firm
Health_insurance_in_the_United_States,Profession
Health_insurance_in_the_United_States,Operator_(profession)
Health_insurance_in_the_United_States,Professional
Health_insurance_in_the_United_States,Tradesman
Health_insurance_in_the_United_States,Vocation
Health_insurance_in_the_United_States,Break_(work)
Health_insurance_in_the_United_States,Break_room
Health_insurance_in_the_United_States,Career_break
Health_insurance_in_the_United_States,Coffee_badging
Health_insurance_in_the_United_States,Compassionate_leave
Health_insurance_in_the_United_States,Bereavement_leave
Health_insurance_in_the_United_States,Furlough
Health_insurance_in_the_United_States,Gap_year
Health_insurance_in_the_United_States,Leave_of_absence
Health_insurance_in_the_United_States,Long_service_leave
Health_insurance_in_the_United_States,"No_call,_no_show"
Health_insurance_in_the_United_States,Sabbatical
Health_insurance_in_the_United_States,Sick_guilt
Health_insurance_in_the_United_States,Sick_leave
Health_insurance_in_the_United_States,Stress_leave
Health_insurance_in_the_United_States,Tardiness
Health_insurance_in_the_United_States,Time_clock
Health_insurance_in_the_United_States,Schedule_(workplace)
Health_insurance_in_the_United_States,Four-day_week
Health_insurance_in_the_United_States,Eight-hour_day
Health_insurance_in_the_United_States,35-hour_workweek
Health_insurance_in_the_United_States,996_working_hour_system
Health_insurance_in_the_United_States,Flextime
Health_insurance_in_the_United_States,Hybrid_creep
Health_insurance_in_the_United_States,On-call
Health_insurance_in_the_United_States,Overtime
Health_insurance_in_the_United_States,Remote_work
Health_insurance_in_the_United_States,Return_to_office
Health_insurance_in_the_United_States,Six-hour_day
Health_insurance_in_the_United_States,Shift_work
Health_insurance_in_the_United_States,Working_time
Health_insurance_in_the_United_States,Workweek_and_weekend
Health_insurance_in_the_United_States,Wage
Health_insurance_in_the_United_States,Salary
Health_insurance_in_the_United_States,Decoupling_of_wages_from_productivity
Health_insurance_in_the_United_States,Frisch_elasticity_of_labor_supply
Health_insurance_in_the_United_States,Global_labor_arbitrage
Health_insurance_in_the_United_States,Labour_economics
Health_insurance_in_the_United_States,Labor_share
Health_insurance_in_the_United_States,Labour_supply
Health_insurance_in_the_United_States,Living_wage
Health_insurance_in_the_United_States,Maximum_wage
Health_insurance_in_the_United_States,Median_income
Health_insurance_in_the_United_States,Minimum_wage
Health_insurance_in_the_United_States,Minimum_wage_in_Canada
Health_insurance_in_the_United_States,Minimum_Wage_Ordinance
Health_insurance_in_the_United_States,List_of_European_countries_by_minimum_wage
Health_insurance_in_the_United_States,Minimum_wage_in_the_United_States
Health_insurance_in_the_United_States,National_average_salary
Health_insurance_in_the_United_States,List_of_countries_by_average_wage
Health_insurance_in_the_United_States,List_of_European_countries_by_average_wage
Health_insurance_in_the_United_States,Pay_bands
Health_insurance_in_the_United_States,Price_elasticity_of_demand
Health_insurance_in_the_United_States,Progressive_wage
Health_insurance_in_the_United_States,Overtime_rate
Health_insurance_in_the_United_States,Paid_time_off
Health_insurance_in_the_United_States,Performance-related_pay
Health_insurance_in_the_United_States,Remuneration
Health_insurance_in_the_United_States,Salary_cap
Health_insurance_in_the_United_States,Wage_growth
Health_insurance_in_the_United_States,Annual_leave
Health_insurance_in_the_United_States,Casual_Friday
Health_insurance_in_the_United_States,Child_care
Health_insurance_in_the_United_States,Life_insurance
Health_insurance_in_the_United_States,Marriage_leave
Health_insurance_in_the_United_States,Parental_leave
Health_insurance_in_the_United_States,Pension
Health_insurance_in_the_United_States,Pension_systems_by_country
Health_insurance_in_the_United_States,Perk-cession
Health_insurance_in_the_United_States,Sick_leave_in_the_United_States
Health_insurance_in_the_United_States,Take-home_vehicle
Health_insurance_in_the_United_States,Well-being_washing
Health_insurance_in_the_United_States,Payroll_tax
Health_insurance_in_the_United_States,Tax_bracket
Health_insurance_in_the_United_States,Income_tax
Health_insurance_in_the_United_States,Negative_income_tax
Health_insurance_in_the_United_States,Disposable_income
Health_insurance_in_the_United_States,Salary_packaging
Health_insurance_in_the_United_States,Unreported_employment
Health_insurance_in_the_United_States,Occupational_safety_and_health
Health_insurance_in_the_United_States,Crunch_(video_games)
Health_insurance_in_the_United_States,Epilepsy_and_employment
Health_insurance_in_the_United_States,Human_factors_and_ergonomics
Health_insurance_in_the_United_States,Karoshi
Health_insurance_in_the_United_States,List_of_countries_by_rate_of_fatal_workplace_accidents
Health_insurance_in_the_United_States,Occupational_burnout
Health_insurance_in_the_United_States,Occupational_disease
Health_insurance_in_the_United_States,Occupational_exposure_limit
Health_insurance_in_the_United_States,Occupational_health_psychology
Health_insurance_in_the_United_States,Occupational_injury
Health_insurance_in_the_United_States,Occupational_noise
Health_insurance_in_the_United_States,Occupational_stress
Health_insurance_in_the_United_States,Personal_protective_equipment
Health_insurance_in_the_United_States,Repetitive_strain_injury
Health_insurance_in_the_United_States,Right_to_sit
Health_insurance_in_the_United_States,Right_to_sit_in_the_United_States
Health_insurance_in_the_United_States,Sick_building_syndrome
Health_insurance_in_the_United_States,Work_accident
Health_insurance_in_the_United_States,Occupational_fatality
Health_insurance_in_the_United_States,Workers'_compensation
Health_insurance_in_the_United_States,Workers'_right_to_access_the_toilet
Health_insurance_in_the_United_States,Workplace_health_promotion
Health_insurance_in_the_United_States,Workplace_phobia
Health_insurance_in_the_United_States,Equal_opportunity
Health_insurance_in_the_United_States,Affirmative_action
Health_insurance_in_the_United_States,Employment_discrimination
Health_insurance_in_the_United_States,Equal_pay_for_equal_work
Health_insurance_in_the_United_States,Gender_pay_gap
Health_insurance_in_the_United_States,Glass_ceiling
Health_insurance_in_the_United_States,List_of_corporate_collapses_and_scandals
Health_insurance_in_the_United_States,Accounting_scandal
Health_insurance_in_the_United_States,Control_fraud
Health_insurance_in_the_United_States,Corporate_behaviour
Health_insurance_in_the_United_States,Corporate_crime
Health_insurance_in_the_United_States,Exploitation_of_labour
Health_insurance_in_the_United_States,Dress_code
Health_insurance_in_the_United_States,Employee_handbook
Health_insurance_in_the_United_States,Employee_monitoring
Health_insurance_in_the_United_States,Evaluation_(workplace)
Health_insurance_in_the_United_States,Labour_law
Health_insurance_in_the_United_States,Sexual_harassment
Health_insurance_in_the_United_States,Sleeping_while_on_duty
Health_insurance_in_the_United_States,Wage_theft
Health_insurance_in_the_United_States,Whistleblower
Health_insurance_in_the_United_States,Workplace_bullying
Health_insurance_in_the_United_States,Workplace_harassment
Health_insurance_in_the_United_States,Workplace_incivility
Health_insurance_in_the_United_States,Boreout
Health_insurance_in_the_United_States,Careerism
Health_insurance_in_the_United_States,Civil_conscription
Health_insurance_in_the_United_States,Conscription
Health_insurance_in_the_United_States,Critique_of_work
Health_insurance_in_the_United_States,Dead-end_job
Health_insurance_in_the_United_States,Employment_rate
Health_insurance_in_the_United_States,List_of_sovereign_states_by_employment_rate
Health_insurance_in_the_United_States,Job_satisfaction
Health_insurance_in_the_United_States,McJob
Health_insurance_in_the_United_States,Organizational_commitment
Health_insurance_in_the_United_States,Refusal_of_work
Health_insurance_in_the_United_States,Slavery
Health_insurance_in_the_United_States,Debt_bondage
Health_insurance_in_the_United_States,Human_trafficking
Health_insurance_in_the_United_States,Labor_camp
Health_insurance_in_the_United_States,Penal_labour
Health_insurance_in_the_United_States,Peon
Health_insurance_in_the_United_States,Truck_wages
Health_insurance_in_the_United_States,Unfree_labour
Health_insurance_in_the_United_States,Wage_slavery
Health_insurance_in_the_United_States,Stay_interview
Health_insurance_in_the_United_States,Workforce
Health_insurance_in_the_United_States,Work_ethic
Health_insurance_in_the_United_States,Work–life_interface
Health_insurance_in_the_United_States,Downshifting_(lifestyle)
Health_insurance_in_the_United_States,Slow_living
Health_insurance_in_the_United_States,Workaholic
Health_insurance_in_the_United_States,Termination_of_employment
Health_insurance_in_the_United_States,At-will_employment
Health_insurance_in_the_United_States,Dismissal_(employment)
Health_insurance_in_the_United_States,Banishment_room
Health_insurance_in_the_United_States,Constructive_dismissal
Health_insurance_in_the_United_States,Wrongful_dismissal
Health_insurance_in_the_United_States,Employee_offboarding
Health_insurance_in_the_United_States,Employee_turnover
Health_insurance_in_the_United_States,Exit_interview
Health_insurance_in_the_United_States,Labour_market_flexibility
Health_insurance_in_the_United_States,Layoff
Health_insurance_in_the_United_States,Xiagang
Health_insurance_in_the_United_States,Notice_period
Health_insurance_in_the_United_States,Pink_slip_(employment)
Health_insurance_in_the_United_States,Resignation
Health_insurance_in_the_United_States,Letter_of_resignation
Health_insurance_in_the_United_States,Restructuring
Health_insurance_in_the_United_States,Mandatory_retirement
Health_insurance_in_the_United_States,Retirement_planning
Health_insurance_in_the_United_States,Retirement_spend-down
Health_insurance_in_the_United_States,Severance_package
Health_insurance_in_the_United_States,Golden_handshake
Health_insurance_in_the_United_States,Golden_parachute
Health_insurance_in_the_United_States,Unemployment
Health_insurance_in_the_United_States,Barriers_to_entry
Health_insurance_in_the_United_States,Discouraged_worker
Health_insurance_in_the_United_States,Economic_depression
Health_insurance_in_the_United_States,Great_Depression
Health_insurance_in_the_United_States,Long_Depression
Health_insurance_in_the_United_States,Frictional_unemployment
Health_insurance_in_the_United_States,Full_employment
Health_insurance_in_the_United_States,Graduate_unemployment
Health_insurance_in_the_United_States,Involuntary_unemployment
Health_insurance_in_the_United_States,Jobless_recovery
Health_insurance_in_the_United_States,NEET
Health_insurance_in_the_United_States,Phillips_curve
Health_insurance_in_the_United_States,Recession
Health_insurance_in_the_United_States,Great_Recession
Health_insurance_in_the_United_States,Job_losses_caused_by_the_Great_Recession
Health_insurance_in_the_United_States,Lists_of_recessions
Health_insurance_in_the_United_States,Recession-proof_job
Health_insurance_in_the_United_States,Reserve_army_of_labour
Health_insurance_in_the_United_States,Structural_unemployment
Health_insurance_in_the_United_States,Technological_unemployment
Health_insurance_in_the_United_States,Types_of_unemployment
Health_insurance_in_the_United_States,Unemployment_benefits
Health_insurance_in_the_United_States,"Unemployment_Convention,_1919"
Health_insurance_in_the_United_States,Unemployment_extension
Health_insurance_in_the_United_States,List_of_countries_by_unemployment_rate
Health_insurance_in_the_United_States,Wage_curve
Health_insurance_in_the_United_States,Youth_unemployment
Health_insurance_in_the_United_States,Workfare
Health_insurance_in_the_United_States,Unemployment_insurance
Health_insurance_in_the_United_States,Make-work_job
Health_insurance_in_the_United_States,Job_creation_program
Health_insurance_in_the_United_States,Job_creation_index
Health_insurance_in_the_United_States,Job_guarantee
Health_insurance_in_the_United_States,Employer_of_last_resort
Health_insurance_in_the_United_States,Guaranteed_minimum_income
Health_insurance_in_the_United_States,Right_to_work
Health_insurance_in_the_United_States,Civil_Works_Administration
Health_insurance_in_the_United_States,Works_Progress_Administration
Health_insurance_in_the_United_States,Comprehensive_Employment_and_Training_Act
Health_insurance_in_the_United_States,Bullshit_job
Health_insurance_in_the_United_States,Busy_work
Health_insurance_in_the_United_States,Credentialism_and_educational_inflation
Health_insurance_in_the_United_States,Emotional_labor
Health_insurance_in_the_United_States,Evil_corporation
Health_insurance_in_the_United_States,Going_postal
Health_insurance_in_the_United_States,Kiss_up_kick_down
Health_insurance_in_the_United_States,Labor_rights
Health_insurance_in_the_United_States,Narcissism_in_the_workplace
Health_insurance_in_the_United_States,Post-work_society
Health_insurance_in_the_United_States,Presenteeism
Health_insurance_in_the_United_States,Psychopathy_in_the_workplace
Health_insurance_in_the_United_States,Sunday_scaries
Health_insurance_in_the_United_States,Slow_movement_(culture)
Health_insurance_in_the_United_States,Toxic_leader
Health_insurance_in_the_United_States,Toxic_workplace
Health_insurance_in_the_United_States,Wage_compression
Health_insurance_in_the_United_States,Working_poor
Health_insurance_in_the_United_States,Workhouse
Health_insurance_in_the_United_States,Template_talk:Insurance
Health_insurance_in_the_United_States,Insurance
Health_insurance_in_the_United_States,Total_permanent_disability_insurance
Health_insurance_in_the_United_States,Income_protection_insurance
Health_insurance_in_the_United_States,Long-term_care_insurance
Health_insurance_in_the_United_States,Payment_protection_insurance
Health_insurance_in_the_United_States,Longevity_insurance
Health_insurance_in_the_United_States,Mortgage_life_insurance
Health_insurance_in_the_United_States,Term_life_insurance
Health_insurance_in_the_United_States,Unitised_insurance_fund
Health_insurance_in_the_United_States,Universal_life_insurance
Health_insurance_in_the_United_States,Variable_universal_life_insurance
Health_insurance_in_the_United_States,Whole_life_insurance
Health_insurance_in_the_United_States,Bond_insurance
Health_insurance_in_the_United_States,Business_interruption_insurance
Health_insurance_in_the_United_States,Business_owner's_policy
Health_insurance_in_the_United_States,Collateral_protection_insurance
Health_insurance_in_the_United_States,Directors_and_officers_liability_insurance
Health_insurance_in_the_United_States,Fidelity_bond
Health_insurance_in_the_United_States,Over-redemption_insurance
Health_insurance_in_the_United_States,Pollution_insurance
Health_insurance_in_the_United_States,Professional_liability_insurance
Health_insurance_in_the_United_States,Protection_and_indemnity_insurance
Health_insurance_in_the_United_States,Surety
Health_insurance_in_the_United_States,Trade_credit_insurance
Health_insurance_in_the_United_States,Umbrella_insurance
Health_insurance_in_the_United_States,Boiler_insurance
Health_insurance_in_the_United_States,Builder's_risk_insurance
Health_insurance_in_the_United_States,Contents_insurance
Health_insurance_in_the_United_States,Earthquake_insurance
Health_insurance_in_the_United_States,Flood_insurance
Health_insurance_in_the_United_States,Home_insurance
Health_insurance_in_the_United_States,Landlords'_insurance
Health_insurance_in_the_United_States,Lenders_mortgage_insurance
Health_insurance_in_the_United_States,Mortgage_insurance
Health_insurance_in_the_United_States,Property_insurance
Health_insurance_in_the_United_States,Renters'_insurance
Health_insurance_in_the_United_States,Title_insurance
Health_insurance_in_the_United_States,Aviation_insurance
Health_insurance_in_the_United_States,GAP_insurance
Health_insurance_in_the_United_States,Inland_marine_insurance
Health_insurance_in_the_United_States,Public_auto_insurance
Health_insurance_in_the_United_States,Marine_insurance
Health_insurance_in_the_United_States,Satellite_insurance
Health_insurance_in_the_United_States,Shipping_insurance
Health_insurance_in_the_United_States,Travel_insurance
Health_insurance_in_the_United_States,Vehicle_insurance
Health_insurance_in_the_United_States,Reinsurance
Health_insurance_in_the_United_States,Catastrophe_bond
Health_insurance_in_the_United_States,Insurance-linked_security
Health_insurance_in_the_United_States,Casualty_insurance
Health_insurance_in_the_United_States,Climate_risk_insurance
Health_insurance_in_the_United_States,Crop_insurance
Health_insurance_in_the_United_States,Catastrophic_crop_insurance
Health_insurance_in_the_United_States,Multi-peril_crop_insurance
Health_insurance_in_the_United_States,Cyber_insurance
Health_insurance_in_the_United_States,Deposit_insurance
Health_insurance_in_the_United_States,Expatriate_insurance
Health_insurance_in_the_United_States,Extended_warranty
Health_insurance_in_the_United_States,Group_insurance
Health_insurance_in_the_United_States,Index-based_insurance
Health_insurance_in_the_United_States,Parametric_insurance
Health_insurance_in_the_United_States,Interest_rate_insurance
Health_insurance_in_the_United_States,Kidnap_and_ransom_insurance
Health_insurance_in_the_United_States,Legal_expenses_insurance
Health_insurance_in_the_United_States,Liability_insurance
Health_insurance_in_the_United_States,No-fault_insurance
Health_insurance_in_the_United_States,Pet_insurance
Health_insurance_in_the_United_States,Political_risk_insurance
Health_insurance_in_the_United_States,Prize_indemnity_insurance
Health_insurance_in_the_United_States,Takaful
Health_insurance_in_the_United_States,Terrorism_insurance
Health_insurance_in_the_United_States,Tuition_insurance
Health_insurance_in_the_United_States,War_risk_insurance
Health_insurance_in_the_United_States,Weather_insurance
Health_insurance_in_the_United_States,Insurance_policy
Health_insurance_in_the_United_States,Insurance_law
Health_insurance_in_the_United_States,Act_of_God
Health_insurance_in_the_United_States,Actuarial_science
Health_insurance_in_the_United_States,Actuary
Health_insurance_in_the_United_States,Risk
Health_insurance_in_the_United_States,Risk_assessment
Health_insurance_in_the_United_States,Risk_management
Health_insurance_in_the_United_States,Uncertainty
Health_insurance_in_the_United_States,Knightian_uncertainty
Health_insurance_in_the_United_States,Value_of_life
Health_insurance_in_the_United_States,Actual_cash_value
Health_insurance_in_the_United_States,Cash_value
Health_insurance_in_the_United_States,Cancellation_(insurance)
Health_insurance_in_the_United_States,Pro_rata
Health_insurance_in_the_United_States,Cause_of_action
Health_insurance_in_the_United_States,Claims_adjuster
Health_insurance_in_the_United_States,Co-insurance
Health_insurance_in_the_United_States,Out-of-pocket_expense
Health_insurance_in_the_United_States,Explanation_of_benefits
Health_insurance_in_the_United_States,Force_majeure
Health_insurance_in_the_United_States,General_average
Health_insurance_in_the_United_States,Insurability
Health_insurance_in_the_United_States,Insurable_interest
Health_insurance_in_the_United_States,Insurance_bad_faith
Health_insurance_in_the_United_States,Insurance_fraud
Health_insurance_in_the_United_States,Proximate_cause
Health_insurance_in_the_United_States,Replacement_value
Health_insurance_in_the_United_States,Risk_pool
Health_insurance_in_the_United_States,Self-insurance
Health_insurance_in_the_United_States,Total_loss
Health_insurance_in_the_United_States,Underinsured
Health_insurance_in_the_United_States,Underwriting
Health_insurance_in_the_United_States,Underwriting_profit
Health_insurance_in_the_United_States,Insurance_in_Australia
Health_insurance_in_the_United_States,Insurance_industry_in_China
Health_insurance_in_the_United_States,Vehicle_insurance_in_France
Health_insurance_in_the_United_States,Insurance_in_India
Health_insurance_in_the_United_States,Insurance_in_Pakistan
Health_insurance_in_the_United_States,Insurance_in_Serbia
Health_insurance_in_the_United_States,Insurance_in_the_United_Kingdom
Health_insurance_in_the_United_States,Climate_change_and_insurance_in_the_United_States
Health_insurance_in_the_United_States,Vehicle_insurance_in_the_United_States
Health_insurance_in_the_United_States,List_of_countries_by_health_insurance_coverage
Health_insurance_in_the_United_States,Banker_(ancient)
Health_insurance_in_the_United_States,Code_of_Hammurabi
Health_insurance_in_the_United_States,Collegium_(ancient_Rome)
Health_insurance_in_the_United_States,Roman_burial_society
Health_insurance_in_the_United_States,Guilds_(insurance)
Health_insurance_in_the_United_States,Corpus_Juris_Civilis
Health_insurance_in_the_United_States,Digest_(Roman_law)
Health_insurance_in_the_United_States,Syndicate
Health_insurance_in_the_United_States,Benefit_society
Health_insurance_in_the_United_States,Friendly_society
Health_insurance_in_the_United_States,Cooperative_banking
Health_insurance_in_the_United_States,Credit_union
Health_insurance_in_the_United_States,Fraternal_order
Health_insurance_in_the_United_States,Mutual_organization
Health_insurance_in_the_United_States,Mutual_savings_bank
Health_insurance_in_the_United_States,Rochdale_Principles
Health_insurance_in_the_United_States,Savings_and_loan_association
Health_insurance_in_the_United_States,Trade_union
Health_insurance_in_the_United_States,Insurance_cycle
Health_insurance_in_the_United_States,Outline_of_finance
Healthcare_in_the_United_States,Health_in_the_United_States
Healthcare_in_the_United_States,Federal_Employees_Health_Benefits_Program
Healthcare_in_the_United_States,Indian_Health_Service
Healthcare_in_the_United_States,Medicaid
Healthcare_in_the_United_States,Medicare_(United_States)
Healthcare_in_the_United_States,Military_Health_System
Healthcare_in_the_United_States,Tricare
Healthcare_in_the_United_States,Children's_Health_Insurance_Program
Healthcare_in_the_United_States,Program_of_All-Inclusive_Care_for_the_Elderly
Healthcare_in_the_United_States,Veterans_Health_Administration
Healthcare_in_the_United_States,Consumer-driven_healthcare
Healthcare_in_the_United_States,Flexible_spending_account
Healthcare_in_the_United_States,Health_reimbursement_account
Healthcare_in_the_United_States,Health_savings_account
Healthcare_in_the_United_States,High-deductible_health_plan
Healthcare_in_the_United_States,Medical_savings_account_(United_States)
Healthcare_in_the_United_States,Health_insurance_in_the_United_States
Healthcare_in_the_United_States,Health_insurance_marketplace
Healthcare_in_the_United_States,Premium_tax_credit
Healthcare_in_the_United_States,Managed_care
Healthcare_in_the_United_States,Exclusive_provider_organization
Healthcare_in_the_United_States,Health_maintenance_organization
Healthcare_in_the_United_States,Preferred_provider_organization
Healthcare_in_the_United_States,Medical_underwriting
Healthcare_in_the_United_States,Healthcare_reform_in_the_United_States
Healthcare_in_the_United_States,Emergency_Medical_Treatment_and_Active_Labor_Act
Healthcare_in_the_United_States,Health_Insurance_Portability_and_Accountability_Act
Healthcare_in_the_United_States,"Medicare_Prescription_Drug,_Improvement,_and_Modernization_Act"
Healthcare_in_the_United_States,Patient_Safety_and_Quality_Improvement_Act
Healthcare_in_the_United_States,Health_Information_Technology_for_Economic_and_Clinical_Health_Act
Healthcare_in_the_United_States,Patient_Protection_and_Affordable_Care_Act
Healthcare_in_the_United_States,Dirigo_Health
Healthcare_in_the_United_States,Maine
Healthcare_in_the_United_States,Massachusetts_health_care_reform
Healthcare_in_the_United_States,Oregon_Health_Plan
Healthcare_in_the_United_States,SustiNet
Healthcare_in_the_United_States,Connecticut
Healthcare_in_the_United_States,Vermont_health_care_reform
Healthcare_in_the_United_States,Healthcare_in_California
Healthcare_in_the_United_States,Healthy_San_Francisco
Healthcare_in_the_United_States,Healthy_Way_LA
Healthcare_in_the_United_States,My_Health_LA
Healthcare_in_the_United_States,Fair_Share_Health_Care_Act
Healthcare_in_the_United_States,Healthy_Howard
Healthcare_in_the_United_States,Template_talk:Health_care_in_the_United_States
Healthcare_in_the_United_States,History_of_health_care_reform_in_the_United_States
Healthcare_in_the_United_States,Healthcare_reform_debate_in_the_United_States
Healthcare_in_the_United_States,Social_Security_Amendments_of_1965
Healthcare_in_the_United_States,Affordable_Health_Care_for_America_Act
Healthcare_in_the_United_States,America's_Affordable_Health_Choices_Act_of_2009
Healthcare_in_the_United_States,America's_Healthy_Future_Act
Healthcare_in_the_United_States,American_Health_Care_Act_of_2017
Healthcare_in_the_United_States,Medicare_for_All_Act
Healthcare_in_the_United_States,Healthy_Americans_Act
Healthcare_in_the_United_States,Clinton_health_care_plan_of_1993
Healthcare_in_the_United_States,Health_Care_and_Education_Reconciliation_Act_of_2010
Healthcare_in_the_United_States,Health_care_reforms_proposed_during_the_Obama_administration
Healthcare_in_the_United_States,Public_opinion_on_health_care_reform_in_the_United_States
Healthcare_in_the_United_States,List_of_healthcare_reform_advocacy_groups_in_the_United_States
Healthcare_in_the_United_States,Healthcare_rationing_in_the_United_States
Healthcare_in_the_United_States,Health_insurance_coverage_in_the_United_States
Healthcare_in_the_United_States,Free_market_healthcare
Healthcare_in_the_United_States,Health_insurance_exchange
Healthcare_in_the_United_States,National_health_insurance
Healthcare_in_the_United_States,Publicly-funded_health_care
Healthcare_in_the_United_States,Single-payer_health_care
Healthcare_in_the_United_States,Comparison_of_the_health_care_systems_in_Canada_and_the_United_States
Healthcare_in_the_United_States,Two-tier_health_care
Healthcare_in_the_United_States,Universal_health_care
Healthcare_in_the_United_States,All-payer_rate_setting
Healthcare_in_the_United_States,Capitation_(healthcare)
Healthcare_in_the_United_States,Fee-for-service
Healthcare_in_the_United_States,Global_payment
Healthcare_in_the_United_States,Template_talk:Healthcare_reform_in_the_United_States
Healthcare_in_the_United_States,NewYork-Presbyterian_Hospital
Healthcare_in_the_United_States,New_York_City
Healthcare_in_the_United_States,Health_care
Healthcare_in_the_United_States,Life_sciences
Healthcare_in_the_United_States,Hospital
Healthcare_in_the_United_States,Weill_Cornell_Medical_Center
Healthcare_in_the_United_States,Healthcare
Healthcare_in_the_United_States,Private_insurance
Healthcare_in_the_United_States,Out-of-pocket_payments
Healthcare_in_the_United_States,Developed_country
Healthcare_in_the_United_States,Universal_healthcare
Healthcare_in_the_United_States,List_of_countries_by_total_health_expenditure_per_capita
Healthcare_in_the_United_States,Affordable_Care_Act
Healthcare_in_the_United_States,Race_and_health_in_the_United_States
Healthcare_in_the_United_States,Medical_device
Healthcare_in_the_United_States,COVID-19_pandemic
Healthcare_in_the_United_States,Public_health
Healthcare_in_the_United_States,American_Medical_Association
Healthcare_in_the_United_States,Hill–Burton_Act
Healthcare_in_the_United_States,History_of_medicine_in_the_United_States
Healthcare_in_the_United_States,Public_health_in_American_history
Healthcare_in_the_United_States,Benjamin_Franklin
Healthcare_in_the_United_States,Pennsylvania_Hospital
Healthcare_in_the_United_States,Philadelphia
Healthcare_in_the_United_States,Colonial_history_of_the_United_States
Healthcare_in_the_United_States,Medical_schools
Healthcare_in_the_United_States,Bellevue_Hospital
Healthcare_in_the_United_States,Public_hospital
Healthcare_in_the_United_States,Manhattan
Healthcare_in_the_United_States,Stabilization_Act_of_1942
Healthcare_in_the_United_States,Insurance
Healthcare_in_the_United_States,Health_insurance
Healthcare_in_the_United_States,Employee_benefits
Healthcare_in_the_United_States,Health_Maintenance_Organization_Act_of_1973
Healthcare_in_the_United_States,Johns_Hopkins_Hospital
Healthcare_in_the_United_States,Healthcare_Cost_and_Utilization_Project
Healthcare_in_the_United_States,National_Institutes_of_Health
Healthcare_in_the_United_States,Group_insurance
Healthcare_in_the_United_States,Public_sector
Healthcare_in_the_United_States,Mayo_Clinic
Healthcare_in_the_United_States,"Rochester,_Minnesota"
Healthcare_in_the_United_States,Minnesota
Healthcare_in_the_United_States,Organisation_for_Economic_Co-operation_and_Development
Healthcare_in_the_United_States,Physicians_for_a_National_Health_Program
Healthcare_in_the_United_States,United_States_Census_Bureau
Healthcare_in_the_United_States,Wage_stagnation
Healthcare_in_the_United_States,Medicaid_coverage_gap
Healthcare_in_the_United_States,Medical_debt
Healthcare_in_the_United_States,Bankruptcy_in_the_United_States
Healthcare_in_the_United_States,Underinsurance_(healthcare)
Healthcare_in_the_United_States,Life_expectancy
Healthcare_in_the_United_States,OECD
Healthcare_in_the_United_States,Opioid_epidemic_in_the_United_States
Healthcare_in_the_United_States,Suicide_in_the_United_States
Healthcare_in_the_United_States,COVID-19_pandemic_in_the_United_States
Healthcare_in_the_United_States,Black_maternal_mortality_in_the_United_States
Healthcare_in_the_United_States,Parents_(magazine)
Healthcare_in_the_United_States,Christine_Michel_Carter
Healthcare_in_the_United_States,Kamala_Harris
Healthcare_in_the_United_States,Life_expectancy_at_birth
Healthcare_in_the_United_States,List_of_countries_by_life_expectancy
Healthcare_in_the_United_States,"National_Academies_of_Sciences,_Engineering,_and_Medicine"
Healthcare_in_the_United_States,World_Bank_high-income_economy
Healthcare_in_the_United_States,Cardiovascular_disease
Healthcare_in_the_United_States,Respiratory_disease
Healthcare_in_the_United_States,Sexually_transmitted_infection
Healthcare_in_the_United_States,Teenage_pregnancy
Healthcare_in_the_United_States,Disability
Healthcare_in_the_United_States,List_of_causes_of_death_by_rate
Healthcare_in_the_United_States,Cleveland_Clinic
Healthcare_in_the_United_States,Cleveland
Healthcare_in_the_United_States,Ohio
Healthcare_in_the_United_States,Neoplasm
Healthcare_in_the_United_States,Diseases_of_despair
Healthcare_in_the_United_States,Poverty_in_the_United_States
Healthcare_in_the_United_States,Centers_for_Disease_Control_and_Prevention
Healthcare_in_the_United_States,COVID-19
Healthcare_in_the_United_States,Health_care_provider
Healthcare_in_the_United_States,Medical_centers_in_the_United_States
Healthcare_in_the_United_States,Jackson_Memorial_Hospital
Healthcare_in_the_United_States,Miami
Healthcare_in_the_United_States,University_of_Miami
Healthcare_in_the_United_States,Miller_School_of_Medicine
Healthcare_in_the_United_States,Nonprofit_hospital
Healthcare_in_the_United_States,For-profit_hospital
Healthcare_in_the_United_States,HCA_Healthcare
Healthcare_in_the_United_States,CommonSpirit_Health
Healthcare_in_the_United_States,Integrated_delivery_system
Healthcare_in_the_United_States,Pay_for_performance_(healthcare)
Healthcare_in_the_United_States,Independent_practice_association
Healthcare_in_the_United_States,United_States_Department_of_Defense
Healthcare_in_the_United_States,List_of_Veterans_Affairs_medical_facilities
Healthcare_in_the_United_States,Stanford_University_Medical_Center
Healthcare_in_the_United_States,Stanford_University
Healthcare_in_the_United_States,Oncology
Healthcare_in_the_United_States,Orthopedics
Healthcare_in_the_United_States,Gastroenterology
Healthcare_in_the_United_States,Emergency_department
Healthcare_in_the_United_States,Urgent_care
Healthcare_in_the_United_States,Surgicenter
Healthcare_in_the_United_States,Hospice
Healthcare_in_the_United_States,Family_planning
Healthcare_in_the_United_States,Dysplasia
Healthcare_in_the_United_States,Obstetric
Healthcare_in_the_United_States,Gynecologic
Healthcare_in_the_United_States,Telemedicine
Healthcare_in_the_United_States,Teladoc
Healthcare_in_the_United_States,Free_clinics
Healthcare_in_the_United_States,Social_safety_net
Healthcare_in_the_United_States,Community_health_centers_in_the_United_States
Healthcare_in_the_United_States,Physicians_in_the_United_States
Healthcare_in_the_United_States,Anthony_Fauci
Healthcare_in_the_United_States,Immunologist
Healthcare_in_the_United_States,National_Institute_of_Allergy_and_Infectious_Diseases
Healthcare_in_the_United_States,Medical_education_in_the_United_States
Healthcare_in_the_United_States,International_medical_graduate
Healthcare_in_the_United_States,Medical_license
Healthcare_in_the_United_States,US_Medical_Licensing_Examination
Healthcare_in_the_United_States,Microbiology
Healthcare_in_the_United_States,Behavioural_sciences
Healthcare_in_the_United_States,Genetics
Healthcare_in_the_United_States,American_College_of_Physicians
Healthcare_in_the_United_States,Medical_degree
Healthcare_in_the_United_States,Doctor_of_Medicine
Healthcare_in_the_United_States,Doctor_of_Osteopathic_Medicine
Healthcare_in_the_United_States,Medication
Healthcare_in_the_United_States,Medical_devices
Healthcare_in_the_United_States,Pharmaceutical
Healthcare_in_the_United_States,National_Museum_of_Health_and_Medicine
Healthcare_in_the_United_States,Baby_boomers
Healthcare_in_the_United_States,Therapy
Healthcare_in_the_United_States,Alternative_medicine
Healthcare_in_the_United_States,Medical_school_in_the_United_States
Healthcare_in_the_United_States,Herbal_medicine
Healthcare_in_the_United_States,Homeopathy
Healthcare_in_the_United_States,Faith_healing
Healthcare_in_the_United_States,Cryotherapy
Healthcare_in_the_United_States,Cupping_therapy
Healthcare_in_the_United_States,Transcranial_magnetic_stimulation
Healthcare_in_the_United_States,Health_care_finance_in_the_United_States
Healthcare_in_the_United_States,Health_care_prices_in_the_United_States
Healthcare_in_the_United_States,Health_care_reform_in_the_United_States
Healthcare_in_the_United_States,United_Kingdom
Healthcare_in_the_United_States,Angioplasty
Healthcare_in_the_United_States,Caesarean_section
Healthcare_in_the_United_States,Knee_replacement
Healthcare_in_the_United_States,World_Health_Organization
Healthcare_in_the_United_States,Gross_domestic_product
Healthcare_in_the_United_States,List_of_countries_by_total_health_expenditure_(PPP)_per_capita
Healthcare_in_the_United_States,Nursing_home
Healthcare_in_the_United_States,End-of-life_care
Healthcare_in_the_United_States,America's_Health_Insurance_Plans
Healthcare_in_the_United_States,Cost-shifting
Healthcare_in_the_United_States,Baumol's_cost_disease
Healthcare_in_the_United_States,Congressional_Budget_Office
Healthcare_in_the_United_States,Health_Outcomes_Research
Healthcare_in_the_United_States,Eli_Lilly_and_Company
Healthcare_in_the_United_States,Novo_Nordisk
Healthcare_in_the_United_States,American_Board_of_Medical_Specialties
Healthcare_in_the_United_States,United_States_Medical_Licensing_Examination
Healthcare_in_the_United_States,National_Association_of_Insurance_Commissioners
Healthcare_in_the_United_States,Federal_government_of_the_United_States
Healthcare_in_the_United_States,U.S._state
Healthcare_in_the_United_States,McCarran–Ferguson_Act
Healthcare_in_the_United_States,Licensure
Healthcare_in_the_United_States,Food_and_Drug_Administration
Healthcare_in_the_United_States,Self-funded_health_care
Healthcare_in_the_United_States,Employee_Retirement_Income_Security_Act
Healthcare_in_the_United_States,Barack_Obama
Healthcare_in_the_United_States,Health_insurance_mandate
Healthcare_in_the_United_States,Centers_for_Medicare_and_Medicaid_Services
Healthcare_in_the_United_States,Nursing_homes
Healthcare_in_the_United_States,Cato_Institute
Healthcare_in_the_United_States,Medical_malpractice
Healthcare_in_the_United_States,Certificate_of_Need
Healthcare_in_the_United_States,Criminal_background_check
Healthcare_in_the_United_States,Institute_of_Medicine
Healthcare_in_the_United_States,Hospital_Quality_Incentive_Demonstration
Healthcare_in_the_United_States,"Grand_Rounds,_Inc."
Healthcare_in_the_United_States,Commonwealth_Fund
Healthcare_in_the_United_States,United_States_Department_of_Health_and_Human_Services
Healthcare_in_the_United_States,Government_Performance_and_Results_Act
Healthcare_in_the_United_States,Healthy_People_program
Healthcare_in_the_United_States,Elective_surgery
Healthcare_in_the_United_States,Comparison_of_the_healthcare_systems_in_Canada_and_the_United_States
Healthcare_in_the_United_States,Purchasing_power_parity
Healthcare_in_the_United_States,Health_spending_as_a_percent_of_GDP_by_country_(gross_domestic_product)
Healthcare_in_the_United_States,Australia_health_care_system
Healthcare_in_the_United_States,Canadian_health_care
Healthcare_in_the_United_States,French_healthcare_system
Healthcare_in_the_United_States,German_health_care_system
Healthcare_in_the_United_States,Netherlands_health_care_system
Healthcare_in_the_United_States,New_Zealand
Healthcare_in_the_United_States,Norway
Healthcare_in_the_United_States,Sweden
Healthcare_in_the_United_States,Switzerland_healthcare
Healthcare_in_the_United_States,UK_health_care
Healthcare_in_the_United_States,Primary_care_physicians
Healthcare_in_the_United_States,CIA_World_Factbook
Healthcare_in_the_United_States,Magnetic_resonance_imaging
Healthcare_in_the_United_States,X-ray_computed_tomography
Healthcare_in_the_United_States,Anne_Case
Healthcare_in_the_United_States,Angus_Deaton
Healthcare_in_the_United_States,Years_of_potential_life_lost
Healthcare_in_the_United_States,United_States_National_Research_Council
Healthcare_in_the_United_States,Breast_cancer
Healthcare_in_the_United_States,Colorectal_cancer
Healthcare_in_the_United_States,Prostate_cancer
Healthcare_in_the_United_States,Five-year_survival_rate
Healthcare_in_the_United_States,David_Gratzer
Healthcare_in_the_United_States,Foundation_for_Child_Development
Healthcare_in_the_United_States,Stan_Brock_(philanthropist)
Healthcare_in_the_United_States,Remote_Area_Medical
Healthcare_in_the_United_States,Maternal_mortality_in_the_United_States
Healthcare_in_the_United_States,Health_care_efficiency
Healthcare_in_the_United_States,The_Dartmouth_Institute_for_Health_Policy_and_Clinical_Practice
Healthcare_in_the_United_States,Value_stream_mapping
Healthcare_in_the_United_States,Failure_mode_and_effects_analysis
Healthcare_in_the_United_States,Ishikawa_diagram
Healthcare_in_the_United_States,Coronary_artery_disease
Healthcare_in_the_United_States,Lung_cancer
Healthcare_in_the_United_States,Stroke
Healthcare_in_the_United_States,Chronic_obstructive_pulmonary_disease
Healthcare_in_the_United_States,Major_depressive_disorder
Healthcare_in_the_United_States,Musculoskeletal_disorder
Healthcare_in_the_United_States,Anxiety
Healthcare_in_the_United_States,Risk_factor
Healthcare_in_the_United_States,High_blood_pressure
Healthcare_in_the_United_States,High_blood_sugar
Healthcare_in_the_United_States,Alzheimer's_disease
Healthcare_in_the_United_States,Harvard_Medical_School
Healthcare_in_the_United_States,American_Journal_of_Public_Health
Healthcare_in_the_United_States,John_C._Goodman
Healthcare_in_the_United_States,Bill_Clinton
Healthcare_in_the_United_States,Health_Services_Research_(journal)
Healthcare_in_the_United_States,Health_Affairs
Healthcare_in_the_United_States,Mary_Lou_Retton
Healthcare_in_the_United_States,Crowdfunding
Healthcare_in_the_United_States,Asthma_inhaler
Healthcare_in_the_United_States,American_Cancer_Society
Healthcare_in_the_United_States,Overutilization
Healthcare_in_the_United_States,Moral_hazard
Healthcare_in_the_United_States,California
Healthcare_in_the_United_States,The_New_York_Times
Healthcare_in_the_United_States,Johns_Hopkins_University
Healthcare_in_the_United_States,Hospitalist
Healthcare_in_the_United_States,Blue_Cross_and_Blue_Shield_Association
Healthcare_in_the_United_States,Consumer-driven_health_care
Healthcare_in_the_United_States,Mental_health
Healthcare_in_the_United_States,Mentally_ill_prisoners_in_the_United_States
Healthcare_in_the_United_States,Economy_of_the_United_States
Healthcare_in_the_United_States,Surgeon_General_of_the_United_States
Healthcare_in_the_United_States,Sliding-scale
Healthcare_in_the_United_States,Open_Path_Collective
Healthcare_in_the_United_States,Substance-related_disorder
Healthcare_in_the_United_States,Mental_Health_Parity_Act
Healthcare_in_the_United_States,Health_disparity
Healthcare_in_the_United_States,Poverty_and_health_in_the_United_States
Healthcare_in_the_United_States,Tuberculosis
Healthcare_in_the_United_States,Health_disparities
Healthcare_in_the_United_States,African_Americans
Healthcare_in_the_United_States,Native_Americans_in_the_United_States
Healthcare_in_the_United_States,Hispanics_in_the_United_States
Healthcare_in_the_United_States,White_American
Healthcare_in_the_United_States,HIV/AIDS
Healthcare_in_the_United_States,Preventive_medicine
Healthcare_in_the_United_States,Colon_cancer
Healthcare_in_the_United_States,Systemic_bias
Healthcare_in_the_United_States,Scientific_racism
Healthcare_in_the_United_States,Artificial_intelligence_in_healthcare
Healthcare_in_the_United_States,Harrow_London_Borough_Council
Healthcare_in_the_United_States,Social_determinants_of_health
Healthcare_in_the_United_States,Trauma-informed_care
Healthcare_in_the_United_States,Marginalised_communities
Healthcare_in_the_United_States,Trauma_center
Healthcare_in_the_United_States,Clinical_medicine
Healthcare_in_the_United_States,Regulation_of_therapeutic_goods_in_the_United_States
Healthcare_in_the_United_States,United_States_drug_overdose_death_rates_and_totals_over_time
Healthcare_in_the_United_States,List_of_pharmaceutical_compound_number_prefixes
Healthcare_in_the_United_States,"Riegel_v._Medtronic,_Inc."
Healthcare_in_the_United_States,Wyeth_v._Levine
Healthcare_in_the_United_States,Public_Readiness_and_Emergency_Preparedness_Act
Healthcare_in_the_United_States,Secretary_of_Health_and_Human_Services
Healthcare_in_the_United_States,Kathleen_Sebelius
Healthcare_in_the_United_States,Swine_flu_vaccine
Healthcare_in_the_United_States,Prescription_drug_prices_in_the_United_States
Healthcare_in_the_United_States,Prescription_drugs
Healthcare_in_the_United_States,West_Health
Healthcare_in_the_United_States,Senior_citizens
Healthcare_in_the_United_States,Office_of_the_United_States_Trade_Representative
Healthcare_in_the_United_States,Free_rider_problem
Healthcare_in_the_United_States,Direct-to-consumer_advertising
Healthcare_in_the_United_States,"Federal_Food,_Drug,_and_Cosmetic_Act"
Healthcare_in_the_United_States,Inflation_Reduction_Act_of_2022
Healthcare_in_the_United_States,Service_Excellence_–_Health_Care
Healthcare_in_the_United_States,Killing_of_Brian_Thompson
Healthcare_in_the_United_States,UnitedHealth_Group
Healthcare_in_the_United_States,The_Lancet
Healthcare_in_the_United_States,PNAS
Healthcare_in_the_United_States,Socialized_medicine
Healthcare_in_the_United_States,United_States
Healthcare_in_the_United_States,President_of_the_United_States
Healthcare_in_the_United_States,Provisions_of_the_Patient_Protection_and_Affordable_Care_Act
Healthcare_in_the_United_States,Federal_poverty_level
Healthcare_in_the_United_States,Tax_bracket
Healthcare_in_the_United_States,Indoor_tanning
Healthcare_in_the_United_States,Medicare_Advantage
Healthcare_in_the_United_States,Tax_Cuts_and_Jobs_Act_of_2017
Healthcare_in_the_United_States,Donald_Trump
Healthcare_in_the_United_States,Immigrant_health_care_in_the_United_States
Healthcare_in_the_United_States,Healthcare_availability_for_undocumented_immigrants_in_the_United_States
Healthcare_in_the_United_States,Refugee_health_in_the_United_States
Healthcare_in_the_United_States,Biomedical_research_in_the_United_States
Healthcare_in_the_United_States,Canadian_and_American_health_care_systems_compared
Healthcare_in_the_United_States,Centers_for_Disease_Control_and_Prevention_timeline
Healthcare_in_the_United_States,Health_care_compared
Healthcare_in_the_United_States,Health_care_industry
Healthcare_in_the_United_States,Health_care_politics
Healthcare_in_the_United_States,Health_care_systems
Healthcare_in_the_United_States,Health_insurance_cooperative
Healthcare_in_the_United_States,Health_spending_as_percent_of_gross_domestic_product_(GDP)_by_country
Healthcare_in_the_United_States,List_of_healthcare_accreditation_organizations_in_the_United_States
Healthcare_in_the_United_States,Medicare_Rights_Center
Healthcare_in_the_United_States,Medicare_Sustainable_Growth_Rate
Healthcare_in_the_United_States,Osteopathic_medicine_in_the_United_States
Healthcare_in_the_United_States,School_health_services
Healthcare_in_the_United_States,Universal_Health_Care_Foundation_of_Connecticut
Healthcare_in_the_United_States,Visitor_health_insurance
Healthcare_in_the_United_States,State_of_New_York
Healthcare_in_the_United_States,Los_Angeles
Healthcare_in_the_United_States,"Sacramento,_California"
Healthcare_in_the_United_States,USC_Price_School_of_Public_Policy
Healthcare_in_the_United_States,University_of_Southern_California
Healthcare_in_the_United_States,Doi_(identifier)
Healthcare_in_the_United_States,PMID_(identifier)
Healthcare_in_the_United_States,PMC_(identifier)
Healthcare_in_the_United_States,Springer_Nature
Healthcare_in_the_United_States,ISSN_(identifier)
Healthcare_in_the_United_States,American_Public_Health_Association
Healthcare_in_the_United_States,Elbert_Glover
Healthcare_in_the_United_States,American_Journal_of_Health_Behavior
Healthcare_in_the_United_States,S2CID_(identifier)
Healthcare_in_the_United_States,Medical_Care_(journal)
Healthcare_in_the_United_States,Lippincott_Williams_&_Wilkins
Healthcare_in_the_United_States,EISSN_(identifier)
Healthcare_in_the_United_States,OCLC_(identifier)
Healthcare_in_the_United_States,New_York_Times
Healthcare_in_the_United_States,European_Federation_of_Pharmaceutical_Industries_and_Associations
Healthcare_in_the_United_States,ISBN_(identifier)
Healthcare_in_the_United_States,Hdl_(identifier)
Healthcare_in_the_United_States,John_J._McCusker
Healthcare_in_the_United_States,American_Antiquarian_Society
Healthcare_in_the_United_States,Internet_Archive
Healthcare_in_the_United_States,Kaiser_Family_Foundation
Healthcare_in_the_United_States,Max_Roser
Healthcare_in_the_United_States,Our_World_in_Data
Healthcare_in_the_United_States,Bibcode_(identifier)
Healthcare_in_the_United_States,NPR
Healthcare_in_the_United_States,World_Bank
Healthcare_in_the_United_States,World_Development_Indicators
Healthcare_in_the_United_States,The_Washington_Post
Healthcare_in_the_United_States,LCCN_(identifier)
Healthcare_in_the_United_States,Princeton_University_Press
Healthcare_in_the_United_States,NBC_News
Healthcare_in_the_United_States,World_Socialist_Web_Site
Healthcare_in_the_United_States,U.S._News_&_World_Report
Healthcare_in_the_United_States,Virginia_Commonwealth_University
Healthcare_in_the_United_States,The_Hill_(newspaper)
Healthcare_in_the_United_States,MeasuringWorth
Healthcare_in_the_United_States,Gross_Domestic_Product_deflator
Healthcare_in_the_United_States,Wayback_Machine
Healthcare_in_the_United_States,Bloomberg_News
Healthcare_in_the_United_States,Hannah_Ritchie
Healthcare_in_the_United_States,WebMD
Healthcare_in_the_United_States,Cuba
Healthcare_in_the_United_States,American_Journal_of_Obstetrics_and_Gynecology
Healthcare_in_the_United_States,Harvard_Gazette
Healthcare_in_the_United_States,The_Mercury_News
Healthcare_in_the_United_States,Los_Angeles_Times
Healthcare_in_the_United_States,Express_Scripts
Healthcare_in_the_United_States,John_Wennberg
Healthcare_in_the_United_States,JAMA
Healthcare_in_the_United_States,YouTube_video_(identifier)
Healthcare_in_the_United_States,Measure_of_America
Healthcare_in_the_United_States,Paula_Diehr
Healthcare_in_the_United_States,Neil_R._Powe
Healthcare_in_the_United_States,Baltimore
Healthcare_in_the_United_States,Centers_for_Medicare_&_Medicaid_Services
Healthcare_in_the_United_States,Federal_Register
Healthcare_in_the_United_States,Harvard_School_of_Public_Health
Healthcare_in_the_United_States,Harris_Insights_&_Analytics
Healthcare_in_the_United_States,Association_of_American_Physicians_and_Surgeons
Healthcare_in_the_United_States,Rachel_Nuwer
Healthcare_in_the_United_States,Scientific_American
Healthcare_in_the_United_States,Whitehouse.gov
Healthcare_in_the_United_States,NARA
Healthcare_in_the_United_States,The_Christian_Science_Monitor
Healthcare_in_the_United_States,Christian_Science_Monitor
Healthcare_in_the_United_States,Gavin_Francis
Healthcare_in_the_United_States,Kathryn_T._Hall
Healthcare_in_the_United_States,MIT_Press
Healthcare_in_the_United_States,Jeremy_Howick
Healthcare_in_the_United_States,Johns_Hopkins_University_Press
Healthcare_in_the_United_States,The_New_York_Review_of_Books
Healthcare_in_the_United_States,Reductionism
Healthcare_in_the_United_States,Empathy
Healthcare_in_the_United_States,Placebo
Healthcare_in_the_United_States,Adam_Gaffney
Healthcare_in_the_United_States,David_Himmelstein
Healthcare_in_the_United_States,Steffie_Woolhandler
Healthcare_in_the_United_States,Liran_Einav
Healthcare_in_the_United_States,Amy_Finkelstein
Healthcare_in_the_United_States,JSTOR_(identifier)
Healthcare_in_the_United_States,Paul_Starr
Healthcare_in_the_United_States,The_Social_Transformation_of_American_Medicine
Healthcare_in_the_United_States,T._R._Reid
Healthcare_in_the_United_States,The_Healing_of_America
Healthcare_in_the_United_States,Howard_Zucker
Healthcare_in_the_United_States,AARP_Bulletin
Healthcare_in_the_United_States,Template_talk:United_States_topics
Healthcare_in_the_United_States,History_of_the_United_States
Healthcare_in_the_United_States,History_of_the_United_States_(1776–1789)
Healthcare_in_the_United_States,History_of_the_United_States_(1789–1815)
Healthcare_in_the_United_States,History_of_the_United_States_(1815–1849)
Healthcare_in_the_United_States,History_of_the_United_States_(1849–1865)
Healthcare_in_the_United_States,History_of_the_United_States_(1865–1917)
Healthcare_in_the_United_States,History_of_the_United_States_(1917–1945)
Healthcare_in_the_United_States,History_of_the_United_States_(1945–1964)
Healthcare_in_the_United_States,History_of_the_United_States_(1964–1980)
Healthcare_in_the_United_States,History_of_the_United_States_(1980–1991)
Healthcare_in_the_United_States,History_of_the_United_States_(1991–2016)
Healthcare_in_the_United_States,History_of_the_United_States_(2016–present)
Healthcare_in_the_United_States,Pre-Columbian_era
Healthcare_in_the_United_States,Stamp_Act_Congress
Healthcare_in_the_United_States,Thirteen_Colonies
Healthcare_in_the_United_States,Continental_Congress
Healthcare_in_the_United_States,Continental_Association
Healthcare_in_the_United_States,United_Colonies
Healthcare_in_the_United_States,Colonial_American_military_history
Healthcare_in_the_United_States,Founding_Fathers_of_the_United_States
Healthcare_in_the_United_States,Halifax_Resolves
Healthcare_in_the_United_States,Lee_Resolution
Healthcare_in_the_United_States,United_States_Declaration_of_Independence
Healthcare_in_the_United_States,American_Revolution
Healthcare_in_the_United_States,American_Revolutionary_War
Healthcare_in_the_United_States,Treaty_of_Paris_(1783)
Healthcare_in_the_United_States,Articles_of_Confederation
Healthcare_in_the_United_States,Perpetual_Union
Healthcare_in_the_United_States,Confederation_of_United_States_of_America
Healthcare_in_the_United_States,American_frontier
Healthcare_in_the_United_States,Constitution_of_the_United_States
Healthcare_in_the_United_States,Timeline_of_drafting_and_ratification_of_the_United_States_Constitution
Healthcare_in_the_United_States,United_States_Bill_of_Rights
Healthcare_in_the_United_States,Federalist_Era
Healthcare_in_the_United_States,War_of_1812
Healthcare_in_the_United_States,Territorial_evolution_of_the_United_States
Healthcare_in_the_United_States,Mexican–American_War
Healthcare_in_the_United_States,American_Civil_War
Healthcare_in_the_United_States,Reconstruction_era
Healthcare_in_the_United_States,American_Indian_Wars
Healthcare_in_the_United_States,Native_American_genocide_in_the_United_States
Healthcare_in_the_United_States,Gilded_Age
Healthcare_in_the_United_States,Progressive_Era
Healthcare_in_the_United_States,Women's_suffrage_in_the_United_States
Healthcare_in_the_United_States,Civil_rights_movement_(1865–1896)
Healthcare_in_the_United_States,Civil_rights_movement_(1896–1954)
Healthcare_in_the_United_States,Civil_rights_movement
Healthcare_in_the_United_States,Spanish–American_War
Healthcare_in_the_United_States,American_imperialism
Healthcare_in_the_United_States,United_States_in_World_War_I
Healthcare_in_the_United_States,Roaring_Twenties
Healthcare_in_the_United_States,Great_Depression_in_the_United_States
Healthcare_in_the_United_States,Attack_on_Pearl_Harbor
Healthcare_in_the_United_States,Military_history_of_the_United_States_during_World_War_II
Healthcare_in_the_United_States,American_Century
Healthcare_in_the_United_States,Assassination_of_John_F._Kennedy
Healthcare_in_the_United_States,Cold_War
Healthcare_in_the_United_States,Korean_War
Healthcare_in_the_United_States,Vietnam_War
Healthcare_in_the_United_States,Gulf_War
Healthcare_in_the_United_States,Space_Race
Healthcare_in_the_United_States,Second-wave_feminism
Healthcare_in_the_United_States,Gay_liberation
Healthcare_in_the_United_States,September_11_attacks
Healthcare_in_the_United_States,War_on_terror
Healthcare_in_the_United_States,War_in_Afghanistan_(2001–2021)
Healthcare_in_the_United_States,Iraq_War
Healthcare_in_the_United_States,Great_Recession_in_the_United_States
Healthcare_in_the_United_States,Outline_of_the_history_of_the_United_States
Healthcare_in_the_United_States,Demographic_history_of_the_United_States
Healthcare_in_the_United_States,Timeline_of_United_States_discoveries
Healthcare_in_the_United_States,Economic_history_of_the_United_States
Healthcare_in_the_United_States,Environmental_history_of_the_United_States
Healthcare_in_the_United_States,Timeline_of_United_States_inventions
Healthcare_in_the_United_States,Military_history_of_the_United_States
Healthcare_in_the_United_States,Postage_stamps_and_postal_history_of_the_United_States
Healthcare_in_the_United_States,Technological_and_industrial_history_of_the_United_States
Healthcare_in_the_United_States,Geography_of_the_United_States
Healthcare_in_the_United_States,U.S._territorial_sovereignty
Healthcare_in_the_United_States,Contiguous_United_States
Healthcare_in_the_United_States,County_(United_States)
Healthcare_in_the_United_States,"Washington,_D.C."
Healthcare_in_the_United_States,Federal_enclave
Healthcare_in_the_United_States,Indian_reservation
Healthcare_in_the_United_States,Territories_of_the_United_States
Healthcare_in_the_United_States,United_States_Minor_Outlying_Islands
Healthcare_in_the_United_States,Lists_of_populated_places_in_the_United_States
Healthcare_in_the_United_States,List_of_earthquakes_in_the_United_States
Healthcare_in_the_United_States,List_of_extreme_points_of_the_United_States
Healthcare_in_the_United_States,List_of_islands_of_the_United_States
Healthcare_in_the_United_States,List_of_mountains_of_the_United_States
Healthcare_in_the_United_States,List_of_mountain_peaks_of_the_United_States
Healthcare_in_the_United_States,List_of_mountain_ranges
Healthcare_in_the_United_States,Appalachian_Mountains
Healthcare_in_the_United_States,Rocky_Mountains
Healthcare_in_the_United_States,Sierra_Nevada
Healthcare_in_the_United_States,National_Park_Service
Healthcare_in_the_United_States,List_of_areas_in_the_United_States_National_Park_System
Healthcare_in_the_United_States,List_of_regions_of_the_United_States
Healthcare_in_the_United_States,East_Coast_of_the_United_States
Healthcare_in_the_United_States,West_Coast_of_the_United_States
Healthcare_in_the_United_States,Great_Plains
Healthcare_in_the_United_States,Gulf_Coast_of_the_United_States
Healthcare_in_the_United_States,Mid-Atlantic_(United_States)
Healthcare_in_the_United_States,Midwestern_United_States
Healthcare_in_the_United_States,New_England
Healthcare_in_the_United_States,Central_United_States
Healthcare_in_the_United_States,Eastern_United_States
Healthcare_in_the_United_States,Northern_United_States
Healthcare_in_the_United_States,Northeastern_United_States
Healthcare_in_the_United_States,Northwestern_United_States
Healthcare_in_the_United_States,Southern_United_States
Healthcare_in_the_United_States,Southeastern_United_States
Healthcare_in_the_United_States,Southwestern_United_States
Healthcare_in_the_United_States,Western_United_States
Healthcare_in_the_United_States,List_of_rivers_of_the_United_States
Healthcare_in_the_United_States,Arkansas_River
Healthcare_in_the_United_States,Colorado_River
Healthcare_in_the_United_States,Columbia_River
Healthcare_in_the_United_States,Mississippi_River
Healthcare_in_the_United_States,Missouri_River
Healthcare_in_the_United_States,Red_River_of_the_South
Healthcare_in_the_United_States,Rio_Grande
Healthcare_in_the_United_States,Yukon_River
Healthcare_in_the_United_States,Time_in_the_United_States
Healthcare_in_the_United_States,Water_supply_and_sanitation_in_the_United_States
Healthcare_in_the_United_States,List_of_World_Heritage_Sites_in_the_United_States
Healthcare_in_the_United_States,Politics_of_the_United_States
Healthcare_in_the_United_States,Powers_of_the_president_of_the_United_States
Healthcare_in_the_United_States,Executive_Office_of_the_President_of_the_United_States
Healthcare_in_the_United_States,Vice_President_of_the_United_States
Healthcare_in_the_United_States,Cabinet_of_the_United_States
Healthcare_in_the_United_States,United_States_federal_executive_departments
Healthcare_in_the_United_States,Independent_agencies_of_the_United_States_government
Healthcare_in_the_United_States,United_States_Intelligence_Community
Healthcare_in_the_United_States,Director_of_National_Intelligence
Healthcare_in_the_United_States,Central_Intelligence_Agency
Healthcare_in_the_United_States,National_Security_Agency
Healthcare_in_the_United_States,National_Reconnaissance_Office
Healthcare_in_the_United_States,Federal_law_enforcement_in_the_United_States
Healthcare_in_the_United_States,"Bureau_of_Alcohol,_Tobacco,_Firearms_and_Explosives"
Healthcare_in_the_United_States,U.S._Customs_and_Border_Protection
Healthcare_in_the_United_States,Bureau_of_Diplomatic_Security
Healthcare_in_the_United_States,Drug_Enforcement_Administration
Healthcare_in_the_United_States,Federal_Bureau_of_Investigation
Healthcare_in_the_United_States,United_States_Immigration_and_Customs_Enforcement
Healthcare_in_the_United_States,United_States_Marshals_Service
Healthcare_in_the_United_States,United_States_Secret_Service
Healthcare_in_the_United_States,Transportation_Security_Administration
Healthcare_in_the_United_States,Office_of_Inspector_General_(United_States)
Healthcare_in_the_United_States,United_States_federal_civil_service
Healthcare_in_the_United_States,Public_policy_of_the_United_States
Healthcare_in_the_United_States,United_States_Congress
Healthcare_in_the_United_States,United_States_House_of_Representatives
Healthcare_in_the_United_States,List_of_current_United_States_representatives
Healthcare_in_the_United_States,Speaker_of_the_United_States_House_of_Representatives
Healthcare_in_the_United_States,United_States_Senate
Healthcare_in_the_United_States,List_of_current_United_States_senators
Healthcare_in_the_United_States,President_pro_tempore_of_the_United_States_Senate
Healthcare_in_the_United_States,United_States_Capitol_Police
Healthcare_in_the_United_States,Library_of_Congress
Healthcare_in_the_United_States,United_States_Government_Accountability_Office
Healthcare_in_the_United_States,United_States_Government_Publishing_Office
Healthcare_in_the_United_States,Federal_judiciary_of_the_United_States
Healthcare_in_the_United_States,Supreme_Court_of_the_United_States
Healthcare_in_the_United_States,Chief_Justice_of_the_United_States
Healthcare_in_the_United_States,Associate_Justice_of_the_Supreme_Court_of_the_United_States
Healthcare_in_the_United_States,List_of_justices_of_the_Supreme_Court_of_the_United_States
Healthcare_in_the_United_States,United_States_courts_of_appeals
Healthcare_in_the_United_States,List_of_current_United_States_circuit_judges
Healthcare_in_the_United_States,United_States_district_court
Healthcare_in_the_United_States,United_States_territorial_court
Healthcare_in_the_United_States,List_of_United_States_district_and_territorial_courts
Healthcare_in_the_United_States,List_of_current_United_States_district_judges
Healthcare_in_the_United_States,Federal_tribunals_in_the_United_States
Healthcare_in_the_United_States,United_States_Attorney
Healthcare_in_the_United_States,Law_of_the_United_States
Healthcare_in_the_United_States,Civil_liberties_in_the_United_States
Healthcare_in_the_United_States,Code_of_Federal_Regulations
Healthcare_in_the_United_States,Federalism_in_the_United_States
Healthcare_in_the_United_States,Federal_preemption
Healthcare_in_the_United_States,Separation_of_powers_under_the_United_States_Constitution
Healthcare_in_the_United_States,United_States_Code
Healthcare_in_the_United_States,Uniformed_services_of_the_United_States
Healthcare_in_the_United_States,United_States_Armed_Forces
Healthcare_in_the_United_States,United_States_Army
Healthcare_in_the_United_States,United_States_Marine_Corps
Healthcare_in_the_United_States,United_States_Navy
Healthcare_in_the_United_States,United_States_Air_Force
Healthcare_in_the_United_States,United_States_Space_Force
Healthcare_in_the_United_States,United_States_Coast_Guard
Healthcare_in_the_United_States,National_Guard_(United_States)
Healthcare_in_the_United_States,NOAA_Commissioned_Officer_Corps
Healthcare_in_the_United_States,United_States_Public_Health_Service_Commissioned_Corps
Healthcare_in_the_United_States,State_governments_of_the_United_States
Healthcare_in_the_United_States,Government_of_the_District_of_Columbia
Healthcare_in_the_United_States,State_constitutional_officer
Healthcare_in_the_United_States,Governor_(United_States)
Healthcare_in_the_United_States,List_of_current_United_States_governors
Healthcare_in_the_United_States,Lieutenant_governor_(United_States)
Healthcare_in_the_United_States,List_of_current_United_States_lieutenant_governors
Healthcare_in_the_United_States,Secretary_of_state_(U.S._state_government)
Healthcare_in_the_United_States,State_attorney_general
Healthcare_in_the_United_States,State_treasurer
Healthcare_in_the_United_States,State_auditor
Healthcare_in_the_United_States,Agriculture_commissioner
Healthcare_in_the_United_States,Insurance_commissioner
Healthcare_in_the_United_States,Public_utilities_commission
Healthcare_in_the_United_States,State_police_(United_States)
Healthcare_in_the_United_States,List_of_United_States_state_and_local_law_enforcement_agencies
Healthcare_in_the_United_States,State_legislature_(United_States)
Healthcare_in_the_United_States,List_of_United_States_state_legislatures
Healthcare_in_the_United_States,List_of_U.S._state_legislators
Healthcare_in_the_United_States,State_court_(United_States)
Healthcare_in_the_United_States,State_supreme_court
Healthcare_in_the_United_States,List_of_state_chief_justices
Healthcare_in_the_United_States,District_attorney
Healthcare_in_the_United_States,List_of_district_attorneys_by_county
Healthcare_in_the_United_States,State_law_(United_States)
Healthcare_in_the_United_States,State_constitutions_in_the_United_States
Healthcare_in_the_United_States,List_of_U.S._state_statutory_codes
Healthcare_in_the_United_States,Uniform_act
Healthcare_in_the_United_States,Comparison_of_U.S._state_and_territory_governments
Healthcare_in_the_United_States,Tribe_(Native_American)
Healthcare_in_the_United_States,Tribal_sovereignty_in_the_United_States
Healthcare_in_the_United_States,Native_American_recognition_in_the_United_States
Healthcare_in_the_United_States,List_of_federally_recognized_tribes_in_the_contiguous_United_States
Healthcare_in_the_United_States,List_of_Alaska_Native_tribal_entities
Healthcare_in_the_United_States,State-recognized_tribes_in_the_United_States
Healthcare_in_the_United_States,List_of_Indian_reservations_in_the_United_States
Healthcare_in_the_United_States,Hawaiian_home_land
Healthcare_in_the_United_States,Local_government_in_the_United_States
Healthcare_in_the_United_States,List_of_United_States_counties_and_county_equivalents
Healthcare_in_the_United_States,County_executive
Healthcare_in_the_United_States,Sheriffs_in_the_United_States
Healthcare_in_the_United_States,Municipal_clerk
Healthcare_in_the_United_States,Consolidated_city-county
Healthcare_in_the_United_States,Independent_city_(United_States)
Healthcare_in_the_United_States,Coterminous_municipality
Healthcare_in_the_United_States,Municipal_charter
Healthcare_in_the_United_States,Mayor–council_government
Healthcare_in_the_United_States,Council–manager_government
Healthcare_in_the_United_States,City_commission_government
Healthcare_in_the_United_States,Mayoralty_in_the_United_States
Healthcare_in_the_United_States,City_manager
Healthcare_in_the_United_States,Municipal_council
Healthcare_in_the_United_States,Minor_civil_division
Healthcare_in_the_United_States,Civil_township
Healthcare_in_the_United_States,Town_meeting
Healthcare_in_the_United_States,Special_district_(United_States)
Healthcare_in_the_United_States,School_district
Healthcare_in_the_United_States,Lists_of_school_districts_in_the_United_States
Healthcare_in_the_United_States,Corruption_in_the_United_States
Healthcare_in_the_United_States,Democratic_backsliding_in_the_United_States
Healthcare_in_the_United_States,Elections_in_the_United_States
Healthcare_in_the_United_States,United_States_Electoral_College
Healthcare_in_the_United_States,Red_states_and_blue_states
Healthcare_in_the_United_States,Foreign_relations_of_the_United_States
Healthcare_in_the_United_States,Foreign_policy_of_the_United_States
Healthcare_in_the_United_States,Imperial_presidency
Healthcare_in_the_United_States,Political_ideologies_in_the_United_States
Healthcare_in_the_United_States,Anti-Americanism
Healthcare_in_the_United_States,American_exceptionalism
Healthcare_in_the_United_States,American_nationalism
Healthcare_in_the_United_States,Political_parties_in_the_United_States
Healthcare_in_the_United_States,Democratic_Party_(United_States)
Healthcare_in_the_United_States,Republican_Party_(United_States)
Healthcare_in_the_United_States,Third_party_(U.S._politics)
Healthcare_in_the_United_States,List_of_federal_political_scandals_in_the_United_States
Healthcare_in_the_United_States,Economy_of_the_United_States_by_sector
Healthcare_in_the_United_States,Agriculture_in_the_United_States
Healthcare_in_the_United_States,Banking_in_the_United_States
Healthcare_in_the_United_States,Communications_in_the_United_States
Healthcare_in_the_United_States,List_of_companies_of_the_United_States_by_state
Healthcare_in_the_United_States,Energy_in_the_United_States
Healthcare_in_the_United_States,Insurance_in_the_United_States
Healthcare_in_the_United_States,Manufacturing_in_the_United_States
Healthcare_in_the_United_States,Mining_in_the_United_States
Healthcare_in_the_United_States,Science_and_technology_in_the_United_States
Healthcare_in_the_United_States,Tourism_in_the_United_States
Healthcare_in_the_United_States,Foreign_trade_of_the_United_States
Healthcare_in_the_United_States,United_States_dollar
Healthcare_in_the_United_States,List_of_exports_of_the_United_States
Healthcare_in_the_United_States,United_States_federal_budget
Healthcare_in_the_United_States,Greenhouse_gas_emissions_by_the_United_States
Healthcare_in_the_United_States,Federal_Reserve
Healthcare_in_the_United_States,Financial_position_of_the_United_States
Healthcare_in_the_United_States,Labor_unions_in_the_United_States
Healthcare_in_the_United_States,National_debt_of_the_United_States
Healthcare_in_the_United_States,Silicon_Valley
Healthcare_in_the_United_States,Social_programs_in_the_United_States
Healthcare_in_the_United_States,Taxation_in_the_United_States
Healthcare_in_the_United_States,Unemployment_in_the_United_States
Healthcare_in_the_United_States,Wall_Street
Healthcare_in_the_United_States,Transport_in_the_United_States
Healthcare_in_the_United_States,Aviation_in_the_United_States
Healthcare_in_the_United_States,Driving_in_the_United_States
Healthcare_in_the_United_States,Public_transportation_in_the_United_States
Healthcare_in_the_United_States,Rail_transportation_in_the_United_States
Healthcare_in_the_United_States,Transportation_policy_of_the_United_States
Healthcare_in_the_United_States,Transportation_safety_in_the_United_States
Healthcare_in_the_United_States,Trucking_industry_in_the_United_States
Healthcare_in_the_United_States,Culture_of_the_United_States
Healthcare_in_the_United_States,Americana_(culture)
Healthcare_in_the_United_States,Architecture_in_the_United_States
Healthcare_in_the_United_States,Cinema_of_the_United_States
Healthcare_in_the_United_States,Crime_in_the_United_States
Healthcare_in_the_United_States,American_cuisine
Healthcare_in_the_United_States,Dance_in_the_United_States
Healthcare_in_the_United_States,Demographics_of_the_United_States
Healthcare_in_the_United_States,Affluence_in_the_United_States
Healthcare_in_the_United_States,Eviction_in_the_United_States
Healthcare_in_the_United_States,Homeownership_in_the_United_States
Healthcare_in_the_United_States,Household_income_in_the_United_States
Healthcare_in_the_United_States,Income_inequality_in_the_United_States
Healthcare_in_the_United_States,American_middle_class
Healthcare_in_the_United_States,Personal_income_in_the_United_States
Healthcare_in_the_United_States,Standard_of_living_in_the_United_States
Healthcare_in_the_United_States,Working_class_in_the_United_States
Healthcare_in_the_United_States,Education_in_the_United_States
Healthcare_in_the_United_States,Educational_attainment_in_the_United_States
Healthcare_in_the_United_States,Literacy_in_the_United_States
Healthcare_in_the_United_States,Family_in_the_United_States
Healthcare_in_the_United_States,Fashion_in_the_United_States
Healthcare_in_the_United_States,Flag_of_the_United_States
Healthcare_in_the_United_States,List_of_flags_of_the_United_States
Healthcare_in_the_United_States,Folklore_of_the_United_States
Healthcare_in_the_United_States,Public_holidays_in_the_United_States
Healthcare_in_the_United_States,Federal_holidays_in_the_United_States
Healthcare_in_the_United_States,Homelessness_in_the_United_States
Healthcare_in_the_United_States,Housing_in_the_United_States
Healthcare_in_the_United_States,Human_rights_in_the_United_States
Healthcare_in_the_United_States,Languages_of_the_United_States
Healthcare_in_the_United_States,American_English
Healthcare_in_the_United_States,Indigenous_languages_of_the_Americas
Healthcare_in_the_United_States,American_Sign_Language
Healthcare_in_the_United_States,List_of_libraries_in_the_United_States
Healthcare_in_the_United_States,American_literature
Healthcare_in_the_United_States,Mass_media_in_the_United_States
Healthcare_in_the_United_States,History_of_American_journalism
Healthcare_in_the_United_States,Internet_in_the_United_States
Healthcare_in_the_United_States,History_of_American_newspapers
Healthcare_in_the_United_States,Radio_in_the_United_States
Healthcare_in_the_United_States,Television_in_the_United_States
Healthcare_in_the_United_States,Music_of_the_United_States
Healthcare_in_the_United_States,Naming_in_the_United_States
Healthcare_in_the_United_States,The_Star-Spangled_Banner
Healthcare_in_the_United_States,National_symbols_of_the_United_States
Healthcare_in_the_United_States,Columbia_(personification)
Healthcare_in_the_United_States,Mount_Rushmore
Healthcare_in_the_United_States,Statue_of_Liberty
Healthcare_in_the_United_States,Uncle_Sam
Healthcare_in_the_United_States,Americans
Healthcare_in_the_United_States,American_philosophy
Healthcare_in_the_United_States,Race_and_ethnicity_in_the_United_States
Healthcare_in_the_United_States,Religion_in_the_United_States
Healthcare_in_the_United_States,Sexuality_in_the_United_States
Healthcare_in_the_United_States,Social_class_in_the_United_States
Healthcare_in_the_United_States,Society_of_the_United_States
Healthcare_in_the_United_States,Sports_in_the_United_States
Healthcare_in_the_United_States,History_of_sports_in_the_United_States
Healthcare_in_the_United_States,Theater_in_the_United_States
Healthcare_in_the_United_States,Transportation_in_the_United_States
Healthcare_in_the_United_States,Video_games_in_the_United_States
Healthcare_in_the_United_States,Visual_art_of_the_United_States
Healthcare_in_the_United_States,American_Dream
Healthcare_in_the_United_States,Aging_of_the_United_States
Healthcare_in_the_United_States,Abortion_in_the_United_States
Healthcare_in_the_United_States,Birth_control_in_the_United_States
Healthcare_in_the_United_States,Prenatal_care_in_the_United_States
Healthcare_in_the_United_States,Hospice_care_in_the_United_States
Healthcare_in_the_United_States,Health_insurance_costs_in_the_United_States
Healthcare_in_the_United_States,Disability_in_the_United_States
Healthcare_in_the_United_States,Food_safety_in_the_United_States
Healthcare_in_the_United_States,Physician_shortage_in_the_United_States
Healthcare_in_the_United_States,Obesity_in_the_United_States
Healthcare_in_the_United_States,Medical_deserts_in_the_United_States
Healthcare_in_the_United_States,Women's_reproductive_health_in_the_United_States
Healthcare_in_the_United_States,List_of_U.S._states_and_territories_by_life_expectancy
Healthcare_in_the_United_States,Capital_punishment_in_the_United_States
Healthcare_in_the_United_States,Incarceration_in_the_United_States
Healthcare_in_the_United_States,Criticism_of_the_United_States_government
Healthcare_in_the_United_States,Discrimination_in_the_United_States
Healthcare_in_the_United_States,Affirmative_action_in_the_United_States
Healthcare_in_the_United_States,Antisemitism_in_the_United_States
Healthcare_in_the_United_States,Intersex_rights_in_the_United_States
Healthcare_in_the_United_States,Islamophobia_in_the_United_States
Healthcare_in_the_United_States,LGBTQ_rights_in_the_United_States
Healthcare_in_the_United_States,Racism_in_the_United_States
Healthcare_in_the_United_States,Racism_against_Native_Americans_in_the_United_States
Healthcare_in_the_United_States,Racism_against_African_Americans
Healthcare_in_the_United_States,Energy_policy_of_the_United_States
Healthcare_in_the_United_States,Environmental_issues_in_the_United_States
Healthcare_in_the_United_States,Environmental_movement_in_the_United_States
Healthcare_in_the_United_States,Climate_change_in_the_United_States
Healthcare_in_the_United_States,Gun_politics_in_the_United_States
Healthcare_in_the_United_States,Mass_shootings_in_the_United_States
Healthcare_in_the_United_States,Hunger_in_the_United_States
Healthcare_in_the_United_States,Tobacco_in_the_United_States
Healthcare_in_the_United_States,Immigration_to_the_United_States
Healthcare_in_the_United_States,Illegal_immigration_to_the_United_States
Healthcare_in_the_United_States,National_security_of_the_United_States
Healthcare_in_the_United_States,Terrorism_in_the_United_States
Healthcare_in_the_United_States,Separation_of_church_and_state_in_the_United_States
Healthcare_in_the_United_States,Xenophobia_in_the_United_States
Healthcare_in_the_United_States,Outline_of_the_United_States
Healthcare_in_the_United_States,Template_talk:Health_care
Healthcare_in_the_United_States,Health_economics
Healthcare_in_the_United_States,Medical_equipment
Healthcare_in_the_United_States,Health_care_fraud
Healthcare_in_the_United_States,Medical_guideline
Healthcare_in_the_United_States,Philosophy_of_healthcare
Healthcare_in_the_United_States,Health_policy
Healthcare_in_the_United_States,WHO's_ranking_of_health_care_systems
Healthcare_in_the_United_States,Health_care_reform
Healthcare_in_the_United_States,Health_system
Healthcare_in_the_United_States,Medicine
Healthcare_in_the_United_States,Nursing
Healthcare_in_the_United_States,Pharmacy
Healthcare_in_the_United_States,Healthcare_science
Healthcare_in_the_United_States,Dentistry
Healthcare_in_the_United_States,Allied_health_professions
Healthcare_in_the_United_States,Health_information_management
Healthcare_in_the_United_States,Assisted_living
Healthcare_in_the_United_States,Clinic
Healthcare_in_the_United_States,Hospital-at-home
Healthcare_in_the_United_States,Medical_school
Healthcare_in_the_United_States,Academic_health_science_centre
Healthcare_in_the_United_States,Teaching_hospital
Healthcare_in_the_United_States,Pharmacy_school
Healthcare_in_the_United_States,Supervised_injection_site
Healthcare_in_the_United_States,Acute_care
Healthcare_in_the_United_States,Chronic_care
Healthcare_in_the_United_States,Palliative_care
Healthcare_in_the_United_States,Primary_care
Healthcare_in_the_United_States,Self-care
Healthcare_in_the_United_States,Total_care
Healthcare_in_the_United_States,Doctor-patient_relationship
Healthcare_in_the_United_States,Cultural_competence_in_health_care
Healthcare_in_the_United_States,Medical_diagnosis
Healthcare_in_the_United_States,Medical_education
Healthcare_in_the_United_States,Medical_student
Healthcare_in_the_United_States,Universal_precautions
Healthcare_in_the_United_States,Health_technology
Healthcare_in_the_United_States,3D_bioprinting
Healthcare_in_the_United_States,Connected_health
Healthcare_in_the_United_States,Digital_health
Healthcare_in_the_United_States,Electronic_health_record
Healthcare_in_the_United_States,MHealth
Healthcare_in_the_United_States,Nanomedicine
Healthcare_in_the_United_States,Health_informatics
Healthcare_in_the_United_States,Medical_image_computing
Healthcare_in_the_United_States,Imaging_informatics
Healthcare_in_the_United_States,Neuroinformatics
Healthcare_in_the_United_States,Behavior_informatics
Healthcare_in_the_United_States,Computational_biology
Healthcare_in_the_United_States,Translational_bioinformatics
Healthcare_in_the_United_States,Translational_medicine
Healthcare_in_the_United_States,Health_information_technology
Healthcare_in_the_United_States,Public_health_informatics
Healthcare_in_the_United_States,Consumer_health_informatics
Healthcare_in_the_United_States,Health_care_systems_by_country
Healthcare_in_the_United_States,History_of_public_health_in_the_United_States
Healthcare_in_the_United_States,Healthcare_in_the_United_Kingdom
Healthcare_in_the_United_States,Healthcare_in_Canada
Healthcare_in_the_United_States,Health_care_in_Australia
Healthcare_in_the_United_States,Healthcare_in_New_Zealand
Healthcare_in_the_United_States,Template_talk:North_America_topic
Healthcare_in_the_United_States,Healthcare_in_Antigua_and_Barbuda
Healthcare_in_the_United_States,Healthcare_in_the_Bahamas
Healthcare_in_the_United_States,Healthcare_in_Barbados
Healthcare_in_the_United_States,Healthcare_in_Belize
Healthcare_in_the_United_States,Healthcare_in_Costa_Rica
Healthcare_in_the_United_States,Healthcare_in_Cuba
Healthcare_in_the_United_States,Healthcare_in_Dominica
Healthcare_in_the_United_States,Healthcare_in_the_Dominican_Republic
Healthcare_in_the_United_States,Healthcare_in_El_Salvador
Healthcare_in_the_United_States,Healthcare_in_Grenada
Healthcare_in_the_United_States,Healthcare_in_Guatemala
Healthcare_in_the_United_States,Healthcare_in_Haiti
Healthcare_in_the_United_States,Healthcare_in_Honduras
Healthcare_in_the_United_States,Healthcare_in_Jamaica
Healthcare_in_the_United_States,Healthcare_in_Mexico
Healthcare_in_the_United_States,Healthcare_in_Nicaragua
Healthcare_in_the_United_States,Healthcare_in_Panama
Healthcare_in_the_United_States,Healthcare_in_Saint_Kitts_and_Nevis
Healthcare_in_the_United_States,Healthcare_in_Saint_Lucia
Healthcare_in_the_United_States,Healthcare_in_Saint_Vincent_and_the_Grenadines
Healthcare_in_the_United_States,Healthcare_in_Trinidad_and_Tobago
Healthcare_in_the_United_States,Healthcare_in_Anguilla
Healthcare_in_the_United_States,Healthcare_in_Aruba
Healthcare_in_the_United_States,Healthcare_in_Bermuda
Healthcare_in_the_United_States,Healthcare_in_Bonaire
Healthcare_in_the_United_States,Healthcare_in_the_British_Virgin_Islands
Healthcare_in_the_United_States,Healthcare_in_the_Cayman_Islands
Healthcare_in_the_United_States,Healthcare_in_Curaçao
Healthcare_in_the_United_States,Healthcare_in_Greenland
Healthcare_in_the_United_States,Healthcare_in_Guadeloupe
Healthcare_in_the_United_States,Healthcare_in_Martinique
Healthcare_in_the_United_States,Healthcare_in_Montserrat
Healthcare_in_the_United_States,Healthcare_in_Puerto_Rico
Healthcare_in_the_United_States,Healthcare_in_Saint_Barthélemy
Healthcare_in_the_United_States,Healthcare_in_the_Collectivity_of_Saint_Martin
Healthcare_in_the_United_States,Healthcare_in_Saint_Pierre_and_Miquelon
Healthcare_in_the_United_States,Healthcare_in_Saba_(island)
Healthcare_in_the_United_States,Healthcare_in_Sint_Eustatius
Healthcare_in_the_United_States,Healthcare_in_Sint_Maarten
Healthcare_in_the_United_States,Healthcare_in_the_Turks_and_Caicos_Islands
Healthcare_in_the_United_States,Healthcare_in_the_United_States_Virgin_Islands
Healthcare_in_the_United_States,Template_talk:World_topic
Healthcare_in_the_United_States,Healthcare_in_Afghanistan
Healthcare_in_the_United_States,Healthcare_in_Albania
Healthcare_in_the_United_States,Healthcare_in_Algeria
Healthcare_in_the_United_States,Healthcare_in_Andorra
Healthcare_in_the_United_States,Healthcare_in_Angola
Healthcare_in_the_United_States,Healthcare_in_Argentina
Healthcare_in_the_United_States,Healthcare_in_Armenia
Healthcare_in_the_United_States,Healthcare_in_Australia
Healthcare_in_the_United_States,Healthcare_in_Austria
Healthcare_in_the_United_States,Healthcare_in_Azerbaijan
Healthcare_in_the_United_States,Healthcare_in_Bahrain
Healthcare_in_the_United_States,Healthcare_in_Bangladesh
Healthcare_in_the_United_States,Healthcare_in_Belarus
Healthcare_in_the_United_States,Healthcare_in_Belgium
Healthcare_in_the_United_States,Healthcare_in_Benin
Healthcare_in_the_United_States,Healthcare_in_Bhutan
Healthcare_in_the_United_States,Healthcare_in_Bolivia
Healthcare_in_the_United_States,Healthcare_in_Bosnia_and_Herzegovina
Healthcare_in_the_United_States,Healthcare_in_Botswana
Healthcare_in_the_United_States,Healthcare_in_Brazil
Healthcare_in_the_United_States,Healthcare_in_Brunei
Healthcare_in_the_United_States,Healthcare_in_Bulgaria
Healthcare_in_the_United_States,Healthcare_in_Burkina_Faso
Healthcare_in_the_United_States,Healthcare_in_Burundi
Healthcare_in_the_United_States,Healthcare_in_Cambodia
Healthcare_in_the_United_States,Healthcare_in_Cameroon
Healthcare_in_the_United_States,Healthcare_in_Cape_Verde
Healthcare_in_the_United_States,Healthcare_in_the_Central_African_Republic
Healthcare_in_the_United_States,Healthcare_in_Chad
Healthcare_in_the_United_States,Healthcare_in_Chile
Healthcare_in_the_United_States,Healthcare_in_China
Healthcare_in_the_United_States,Healthcare_in_Colombia
Healthcare_in_the_United_States,Healthcare_in_Comoros
Healthcare_in_the_United_States,Healthcare_in_Croatia
Healthcare_in_the_United_States,Healthcare_in_Cyprus
Healthcare_in_the_United_States,Healthcare_in_the_Czech_Republic
Healthcare_in_the_United_States,Healthcare_in_the_Democratic_Republic_of_the_Congo
Healthcare_in_the_United_States,Healthcare_in_Denmark
Healthcare_in_the_United_States,Healthcare_in_Djibouti
Healthcare_in_the_United_States,Healthcare_in_Ecuador
Healthcare_in_the_United_States,Healthcare_in_Egypt
Healthcare_in_the_United_States,Healthcare_in_Equatorial_Guinea
Healthcare_in_the_United_States,Healthcare_in_Eritrea
Healthcare_in_the_United_States,Healthcare_in_Estonia
Healthcare_in_the_United_States,Healthcare_in_Eswatini
Healthcare_in_the_United_States,Healthcare_in_Ethiopia
Healthcare_in_the_United_States,Healthcare_in_the_Federated_States_of_Micronesia
Healthcare_in_the_United_States,Healthcare_in_Fiji
Healthcare_in_the_United_States,Healthcare_in_Finland
Healthcare_in_the_United_States,Healthcare_in_France
Healthcare_in_the_United_States,Healthcare_in_Gabon
Healthcare_in_the_United_States,Healthcare_in_the_Gambia
Healthcare_in_the_United_States,Healthcare_in_Georgia_(country)
Healthcare_in_the_United_States,Healthcare_in_Germany
Healthcare_in_the_United_States,Healthcare_in_Ghana
Healthcare_in_the_United_States,Healthcare_in_Greece
Healthcare_in_the_United_States,Healthcare_in_Guinea
Healthcare_in_the_United_States,Healthcare_in_Guinea-Bissau
Healthcare_in_the_United_States,Healthcare_in_Guyana
Healthcare_in_the_United_States,Healthcare_in_Hungary
Healthcare_in_the_United_States,Healthcare_in_Iceland
Healthcare_in_the_United_States,Healthcare_in_India
Healthcare_in_the_United_States,Healthcare_in_Indonesia
Healthcare_in_the_United_States,Healthcare_in_Iran
Healthcare_in_the_United_States,Healthcare_in_Iraq
Healthcare_in_the_United_States,Healthcare_in_the_Republic_of_Ireland
Healthcare_in_the_United_States,Healthcare_in_Israel
Healthcare_in_the_United_States,Healthcare_in_Italy
Healthcare_in_the_United_States,Healthcare_in_Ivory_Coast
Healthcare_in_the_United_States,Healthcare_in_Japan
Healthcare_in_the_United_States,Healthcare_in_Jordan
Healthcare_in_the_United_States,Healthcare_in_Kazakhstan
Healthcare_in_the_United_States,Healthcare_in_Kenya
Healthcare_in_the_United_States,Healthcare_in_Kiribati
Healthcare_in_the_United_States,Healthcare_in_Kosovo
Healthcare_in_the_United_States,Healthcare_in_Kuwait
Healthcare_in_the_United_States,Healthcare_in_Kyrgyzstan
Healthcare_in_the_United_States,Healthcare_in_Laos
Healthcare_in_the_United_States,Healthcare_in_Latvia
Healthcare_in_the_United_States,Healthcare_in_Lebanon
Healthcare_in_the_United_States,Healthcare_in_Lesotho
Healthcare_in_the_United_States,Healthcare_in_Liberia
Healthcare_in_the_United_States,Healthcare_in_Libya
Healthcare_in_the_United_States,Healthcare_in_Liechtenstein
Healthcare_in_the_United_States,Healthcare_in_Lithuania
Healthcare_in_the_United_States,Healthcare_in_Luxembourg
Healthcare_in_the_United_States,Healthcare_in_Madagascar
Healthcare_in_the_United_States,Healthcare_in_Malawi
Healthcare_in_the_United_States,Healthcare_in_Malaysia
Healthcare_in_the_United_States,Healthcare_in_Maldives
Healthcare_in_the_United_States,Healthcare_in_Mali
Healthcare_in_the_United_States,Healthcare_in_Malta
Healthcare_in_the_United_States,Healthcare_in_the_Marshall_Islands
Healthcare_in_the_United_States,Healthcare_in_Mauritania
Healthcare_in_the_United_States,Healthcare_in_Mauritius
Healthcare_in_the_United_States,Healthcare_in_Moldova
Healthcare_in_the_United_States,Healthcare_in_Monaco
Healthcare_in_the_United_States,Healthcare_in_Mongolia
Healthcare_in_the_United_States,Healthcare_in_Montenegro
Healthcare_in_the_United_States,Healthcare_in_Morocco
Healthcare_in_the_United_States,Healthcare_in_Mozambique
Healthcare_in_the_United_States,Healthcare_in_Myanmar
Healthcare_in_the_United_States,Healthcare_in_Namibia
Healthcare_in_the_United_States,Healthcare_in_Nauru
Healthcare_in_the_United_States,Healthcare_in_Nepal
Healthcare_in_the_United_States,Healthcare_in_the_Netherlands
Healthcare_in_the_United_States,Healthcare_in_Niger
Healthcare_in_the_United_States,Healthcare_in_Nigeria
Healthcare_in_the_United_States,Healthcare_in_North_Korea
Healthcare_in_the_United_States,Healthcare_in_North_Macedonia
Healthcare_in_the_United_States,Healthcare_in_Norway
Healthcare_in_the_United_States,Healthcare_in_Oman
Healthcare_in_the_United_States,Healthcare_in_Pakistan
Healthcare_in_the_United_States,Healthcare_in_Palau
Healthcare_in_the_United_States,Healthcare_in_Palestine
Healthcare_in_the_United_States,Healthcare_in_Papua_New_Guinea
Healthcare_in_the_United_States,Healthcare_in_Paraguay
Healthcare_in_the_United_States,Healthcare_in_Peru
Healthcare_in_the_United_States,Healthcare_in_the_Philippines
Healthcare_in_the_United_States,Healthcare_in_Poland
Healthcare_in_the_United_States,Healthcare_in_Portugal
Healthcare_in_the_United_States,Healthcare_in_Qatar
Healthcare_in_the_United_States,Healthcare_in_the_Republic_of_the_Congo
Healthcare_in_the_United_States,Healthcare_in_Romania
Healthcare_in_the_United_States,Healthcare_in_Russia
Healthcare_in_the_United_States,Healthcare_in_Rwanda
Healthcare_in_the_United_States,Healthcare_in_Samoa
Healthcare_in_the_United_States,Healthcare_in_San_Marino
Healthcare_in_the_United_States,Healthcare_in_Saudi_Arabia
Healthcare_in_the_United_States,Healthcare_in_Senegal
Healthcare_in_the_United_States,Healthcare_in_Serbia
Healthcare_in_the_United_States,Healthcare_in_Seychelles
Healthcare_in_the_United_States,Healthcare_in_Sierra_Leone
Healthcare_in_the_United_States,Healthcare_in_Singapore
Healthcare_in_the_United_States,Healthcare_in_Slovakia
Healthcare_in_the_United_States,Healthcare_in_Slovenia
Healthcare_in_the_United_States,Healthcare_in_Solomon_Islands
Healthcare_in_the_United_States,Healthcare_in_Somalia
Healthcare_in_the_United_States,Healthcare_in_South_Africa
Healthcare_in_the_United_States,Healthcare_in_South_Korea
Healthcare_in_the_United_States,Healthcare_in_South_Sudan
Healthcare_in_the_United_States,Healthcare_in_Spain
Healthcare_in_the_United_States,Healthcare_in_Sri_Lanka
Healthcare_in_the_United_States,Healthcare_in_Sudan
Healthcare_in_the_United_States,Healthcare_in_Suriname
Healthcare_in_the_United_States,Healthcare_in_Sweden
Healthcare_in_the_United_States,Healthcare_in_Switzerland
Healthcare_in_the_United_States,Healthcare_in_Syria
Healthcare_in_the_United_States,Healthcare_in_São_Tomé_and_Príncipe
Healthcare_in_the_United_States,Healthcare_in_Taiwan
Healthcare_in_the_United_States,Healthcare_in_Tajikistan
Healthcare_in_the_United_States,Healthcare_in_Tanzania
Healthcare_in_the_United_States,Healthcare_in_Thailand
Healthcare_in_the_United_States,Healthcare_in_Timor-Leste
Healthcare_in_the_United_States,Healthcare_in_Togo
Healthcare_in_the_United_States,Healthcare_in_Tonga
Healthcare_in_the_United_States,Healthcare_in_Tunisia
Healthcare_in_the_United_States,Healthcare_in_Turkey
Healthcare_in_the_United_States,Healthcare_in_Turkmenistan
Healthcare_in_the_United_States,Healthcare_in_Tuvalu
Healthcare_in_the_United_States,Healthcare_in_Uganda
Healthcare_in_the_United_States,Healthcare_in_Ukraine
Healthcare_in_the_United_States,Healthcare_in_the_United_Arab_Emirates
Healthcare_in_the_United_States,Healthcare_in_Uruguay
Healthcare_in_the_United_States,Healthcare_in_Uzbekistan
Healthcare_in_the_United_States,Healthcare_in_Vanuatu
Healthcare_in_the_United_States,Healthcare_in_Vatican_City
Healthcare_in_the_United_States,Healthcare_in_Venezuela
Healthcare_in_the_United_States,Healthcare_in_Vietnam
Healthcare_in_the_United_States,Healthcare_in_Western_Sahara
Healthcare_in_the_United_States,Healthcare_in_Yemen
Healthcare_in_the_United_States,Healthcare_in_Zambia
Healthcare_in_the_United_States,Healthcare_in_Zimbabwe
Medicare_(United_States),Medicare_(disambiguation)
Medicare_(United_States),Medicaid
Medicare_(United_States),Centers_for_Medicare_&_Medicaid_Services
Medicare_(United_States),End-Stage_Renal_Disease
Medicare_(United_States),Federal_Insurance_Contributions_Act
Medicare_(United_States),IRMAA
Medicare_(United_States),Medicare_Advantage
Medicare_(United_States),Health_insurance
Medicare_(United_States),United_States
Medicare_(United_States),Disabilities
Medicare_(United_States),End_Stage_Renal_Disease_Program
Medicare_(United_States),ALS
Medicare_(United_States),Social_Security_Administration
Medicare_(United_States),Centers_for_Medicare_and_Medicaid_Services
Medicare_(United_States),Medicare_Part_D
Medicare_(United_States),Lyndon_B._Johnson
Medicare_(United_States),Harry_S._Truman
Medicare_(United_States),Bess_Truman
Medicare_(United_States),Dwight_D._Eisenhower
Medicare_(United_States),Social_Security_Act_of_1965
Medicare_(United_States),Social_Security_Amendments_of_1965
Medicare_(United_States),Harry_S._Truman_Presidential_Library_and_Museum
Medicare_(United_States),"Independence,_Missouri"
Medicare_(United_States),President_of_the_United_States
Medicare_(United_States),First_Lady_of_the_United_States
Medicare_(United_States),Racial_integration
Medicare_(United_States),Desegregation_in_the_United_States
Medicare_(United_States),Health_maintenance_organizations
Medicare_(United_States),Hospice
Medicare_(United_States),Social_Security_Disability_Insurance
Medicare_(United_States),End-stage_renal_disease
Medicare_(United_States),Amyotrophic_lateral_sclerosis
Medicare_(United_States),Bill_Clinton
Medicare_(United_States),George_W._Bush
Medicare_(United_States),"Medicare_Prescription_Drug,_Improvement,_and_Modernization_Act"
Medicare_(United_States),Healthcare_in_the_United_States
Medicare_(United_States),Federal_Employees_Health_Benefits_Program
Medicare_(United_States),Indian_Health_Service
Medicare_(United_States),Military_Health_System
Medicare_(United_States),Tricare
Medicare_(United_States),Children's_Health_Insurance_Program
Medicare_(United_States),Program_of_All-Inclusive_Care_for_the_Elderly
Medicare_(United_States),Veterans_Health_Administration
Medicare_(United_States),Consumer-driven_healthcare
Medicare_(United_States),Flexible_spending_account
Medicare_(United_States),Health_reimbursement_account
Medicare_(United_States),Health_savings_account
Medicare_(United_States),High-deductible_health_plan
Medicare_(United_States),Medical_savings_account_(United_States)
Medicare_(United_States),Health_insurance_in_the_United_States
Medicare_(United_States),Health_insurance_marketplace
Medicare_(United_States),Premium_tax_credit
Medicare_(United_States),Managed_care
Medicare_(United_States),Exclusive_provider_organization
Medicare_(United_States),Health_maintenance_organization
Medicare_(United_States),Preferred_provider_organization
Medicare_(United_States),Medical_underwriting
Medicare_(United_States),Healthcare_reform_in_the_United_States
Medicare_(United_States),Emergency_Medical_Treatment_and_Active_Labor_Act
Medicare_(United_States),Health_Insurance_Portability_and_Accountability_Act
Medicare_(United_States),Patient_Safety_and_Quality_Improvement_Act
Medicare_(United_States),Health_Information_Technology_for_Economic_and_Clinical_Health_Act
Medicare_(United_States),Patient_Protection_and_Affordable_Care_Act
Medicare_(United_States),Dirigo_Health
Medicare_(United_States),Maine
Medicare_(United_States),Massachusetts_health_care_reform
Medicare_(United_States),Oregon_Health_Plan
Medicare_(United_States),SustiNet
Medicare_(United_States),Connecticut
Medicare_(United_States),Vermont_health_care_reform
Medicare_(United_States),Healthcare_in_California
Medicare_(United_States),Healthy_San_Francisco
Medicare_(United_States),Healthy_Way_LA
Medicare_(United_States),My_Health_LA
Medicare_(United_States),Fair_Share_Health_Care_Act
Medicare_(United_States),Healthy_Howard
Medicare_(United_States),Template_talk:Health_care_in_the_United_States
Medicare_(United_States),United_States_Department_of_Health_and_Human_Services
Medicare_(United_States),Clinical_Laboratory_Improvement_Amendments
Medicare_(United_States),United_States_Department_of_Labor
Medicare_(United_States),United_States_Department_of_the_Treasury
Medicare_(United_States),Specialty_Society_Relative_Value_Scale_Update_Committee
Medicare_(United_States),Physician
Medicare_(United_States),American_Medical_Association
Medicare_(United_States),Inpatient_care
Medicare_(United_States),Payroll_tax
Medicare_(United_States),Post–World_War_II_baby_boom
Medicare_(United_States),Health_care_prices_in_the_United_States
Medicare_(United_States),Medicare_Access_and_CHIP_Reauthorization_Act_of_2015
Medicare_(United_States),Urban_Institute
Medicare_(United_States),Healthcare_information_technology
Medicare_(United_States),Social_Security_number
Medicare_(United_States),Personally_identifying_information
Medicare_(United_States),Hospital
Medicare_(United_States),Hospital_Readmission
Medicare_(United_States),Pneumonia
Medicare_(United_States),Heart_failure
Medicare_(United_States),Heart_attack
Medicare_(United_States),COPD
Medicare_(United_States),Knee_replacement
Medicare_(United_States),Hip_replacement
Medicare_(United_States),Agency_for_Healthcare_Research_and_Quality
Medicare_(United_States),Sepsis
Medicare_(United_States),Bronchiectasis
Medicare_(United_States),Skilled_nursing_facility
Medicare_(United_States),Long-term_care
Medicare_(United_States),Activities_of_daily_living
Medicare_(United_States),Insurance
Medicare_(United_States),Assisted_living
Medicare_(United_States),Grief_counseling
Medicare_(United_States),Medigap
Medicare_(United_States),Durable_medical_equipment
Medicare_(United_States),Cane_(medical_device)
Medicare_(United_States),Walker_(mobility)
Medicare_(United_States),Lift_chair
Medicare_(United_States),Wheelchair
Medicare_(United_States),Mobility_scooter
Medicare_(United_States),Mobility_impairment
Medicare_(United_States),Prosthesis
Medicare_(United_States),Artificial_limb
Medicare_(United_States),Breast_prosthesis
Medicare_(United_States),Mastectomy
Medicare_(United_States),Eyeglasses
Medicare_(United_States),Cataract_surgery
Medicare_(United_States),Oxygen_therapy
Medicare_(United_States),Medical_necessity
Medicare_(United_States),Air_ambulance
Medicare_(United_States),Fixed-wing_aircraft
Medicare_(United_States),Helicopter
Medicare_(United_States),Out-of-pocket_expense
Medicare_(United_States),Medicare_Part_D_coverage_gap
Medicare_(United_States),Medicare_Modernization_Act
Medicare_(United_States),Step_therapy
Medicare_(United_States),Insurance_premium
Medicare_(United_States),Deductible
Medicare_(United_States),Out-of-pocket_expenses
Medicare_(United_States),Kaiser_Family_Foundation
Medicare_(United_States),Model_(abstract)
Medicare_(United_States),Benefit_period
Medicare_(United_States),Lifetime_Reserve_Days
Medicare_(United_States),Medicare_Improvements_for_Patients_and_Providers_Act_of_2008
Medicare_(United_States),United_States_federal_budget
Medicare_(United_States),Prospective_payment_system
Medicare_(United_States),Diagnosis-related_group
Medicare_(United_States),Medicare_Economic_Index
Medicare_(United_States),Resource-Based_Relative_Value_Scale
Medicare_(United_States),Relative_Value_Units
Medicare_(United_States),Medical_specialist
Medicare_(United_States),Medicare_Sustainable_Growth_Rate
Medicare_(United_States),United_States_House_of_Representatives
Medicare_(United_States),SGR_Repeal_and_Medicare_Provider_Payment_Modernization_Act_of_2014_(H.R._4015
Medicare_(United_States),Affordable_Care_Act
Medicare_(United_States),Protecting_Access_to_Medicare_Act_of_2014_(H.R._4302
Medicare_(United_States),Columbia_Mailman_School_of_Public_Health
Medicare_(United_States),Chemotherapy
Medicare_(United_States),New_York_Times
Medicare_(United_States),2025_Health_Insurance_Open_Enrollment
Medicare_(United_States),Medicare_administrative_contractor
Medicare_(United_States),Quality_improvement_organization
Medicare_(United_States),Senior_Medicare_Patrol
Medicare_(United_States),Medicare_qualified_independent_contractor
Medicare_(United_States),Independent_review_entity
Medicare_(United_States),Administrative_law_judge
Medicare_(United_States),Office_of_Medicare_Hearings_and_Appeals
Medicare_(United_States),Departmental_Appeals_Board
Medicare_(United_States),United_States_district_court
Medicare_(United_States),Graduate_medical_education
Medicare_(United_States),Disproportionate_share_hospital
Medicare_(United_States),Provider_Reimbursement_Review_Board
Medicare_(United_States),Amicus_curiae
Medicare_(United_States),Market_power
Medicare_(United_States),KFF_(health_policy_organization)
Medicare_(United_States),Price_discrimination
Medicare_(United_States),Productivity
Medicare_(United_States),Congressional_Budget_Office
Medicare_(United_States),Gross_domestic_product
Medicare_(United_States),Inflation
Medicare_(United_States),Independent_Payment_Advisory_Board
Medicare_(United_States),Pew_Research_Center
Medicare_(United_States),Medicare_fraud
Medicare_(United_States),Government_Accountability_Office
Medicare_(United_States),Robert_M._Ball
Medicare_(United_States),Blue_Cross_Blue_Shield_Association
Medicare_(United_States),Community_rating
Medicare_(United_States),Social_insurance
Medicare_(United_States),Joint_Commission
Medicare_(United_States),Non-profit_organization
Medicare_(United_States),Community_Health_Accreditation_Program
Medicare_(United_States),Accreditation_Commission_for_Health_Care
Medicare_(United_States),The_Compliance_Team
Medicare_(United_States),Healthcare_Quality_Association_on_Accreditation
Medicare_(United_States),Residency_(medicine)
Medicare_(United_States),Teaching_hospital
Medicare_(United_States),Balanced_Budget_Act_of_1997
Medicare_(United_States),Health_Care_and_Education_Reconciliation_Act_of_2010
Medicare_(United_States),Budget_Control_Act_of_2011
Medicare_(United_States),Inflation_Reduction_Act_of_2022
Medicare_(United_States),Health_Care_Financing_Administration
Medicare_(United_States),1993_Clinton_health_care_plan
Medicare_(United_States),United_States_Congress
Medicare_(United_States),State_Children's_Health_Insurance_Program
Medicare_(United_States),Center_for_Medicare_and_Medicaid_Innovation
Medicare_(United_States),Ron_Wyden
Medicare_(United_States),Paul_Ryan
Medicare_(United_States),Republican_Party_(United_States)
Medicare_(United_States),Wisconsin
Medicare_(United_States),The_Heritage_Foundation
Medicare_(United_States),Medicare_dual_eligible
Medicare_(United_States),Means_test
Medicare_(United_States),Perverse_incentive
Medicare_(United_States),Build_Back_Better_Act
Medicare_(United_States),Medicare_for_All_Act
Medicare_(United_States),John_Conyers
Medicare_(United_States),Bernie_Sanders
Medicare_(United_States),Congressional_committee
Medicare_(United_States),Congressional_oversight
Medicare_(United_States),United_States_Senate_Committee_on_Appropriations
Medicare_(United_States),"United_States_Senate_Appropriations_Subcommittee_on_Labor,_Health_and_Human_Services,_Education,_and_Related_Agencies"
Medicare_(United_States),United_States_Senate_Committee_on_the_Budget
Medicare_(United_States),United_States_Senate_Committee_on_Finance
Medicare_(United_States),United_States_Senate_Committee_on_Homeland_Security_and_Governmental_Affairs
Medicare_(United_States),"United_States_Senate_Homeland_Security_and_Governmental_Affairs_Subcommittee_on_Oversight_of_Government_Management,_the_Federal_Workforce_and_the_District_of_Columbia"
Medicare_(United_States),"United_States_Senate_Committee_on_Health,_Education,_Labor_and_Pensions"
Medicare_(United_States),United_States_Senate_Homeland_Security_Subcommittee_on_Financial_and_Contracting_Oversight
Medicare_(United_States),United_States_Senate_Health_Subcommittee_on_Primary_Health_and_Retirement_Security
Medicare_(United_States),United_States_Senate_Special_Committee_on_Aging
Medicare_(United_States),United_States_House_Committee_on_Appropriations
Medicare_(United_States),"United_States_House_Appropriations_Subcommittee_on_Labor,_Health_and_Human_Services,_Education,_and_Related_Agencies"
Medicare_(United_States),United_States_House_Committee_on_the_Budget
Medicare_(United_States),United_States_House_Committee_on_Energy_and_Commerce
Medicare_(United_States),United_States_House_Energy_Subcommittee_on_Health
Medicare_(United_States),United_States_House_Energy_Subcommittee_on_Oversight_and_Investigations
Medicare_(United_States),United_States_House_Committee_on_Small_Business
Medicare_(United_States),United_States_House_Committee_on_Ways_and_Means
Medicare_(United_States),United_States_House_Ways_and_Means_Subcommittee_on_Health
Medicare_(United_States),United_States_Congress_Joint_Economic_Committee
Medicare_(United_States),Administration_on_Aging
Medicare_(United_States),Health_care_in_the_United_States
Medicare_(United_States),Health_care_politics
Medicare_(United_States),Health_care_reform_in_the_United_States
Medicare_(United_States),Maurice_Mazel
Medicare_(United_States),Medicare_(Australia)
Medicare_(United_States),Medicare_(Canada)
Medicare_(United_States),Medicare_Physician_Group_Practice_Demonstration
Medicare_(United_States),Medicare_Prompt_Pay_Correction_Act
Medicare_(United_States),Medicare_Quality_Cancer_Care_Demonstration_Act
Medicare_(United_States),Medicare_Rights_Center
Medicare_(United_States),National_Health_Service
Medicare_(United_States),United_Kingdom
Medicare_(United_States),National_Quality_Cancer_Care_Demonstration_Project_Act_of_2009
Medicare_(United_States),Philosophy_of_healthcare
Medicare_(United_States),Single-payer_health_care
Medicare_(United_States),Social_policy
Medicare_(United_States),Stark_Law
Medicare_(United_States),Wagner-Murray-Dingell_Bill
Medicare_(United_States),PolitiFact
Medicare_(United_States),C._Eugene_Steuerle
Medicare_(United_States),Edward_T._Folliard
Medicare_(United_States),ProQuest
Medicare_(United_States),Drew_Pearson_(journalist)
Medicare_(United_States),Internal_Revenue_Code
Medicare_(United_States),ISBN_(identifier)
Medicare_(United_States),American_Academy_of_Actuaries
Medicare_(United_States),Robert_Pear
Medicare_(United_States),The_New_York_Times
Medicare_(United_States),United_States_Code
Medicare_(United_States),AARP
Medicare_(United_States),PMID_(identifier)
Medicare_(United_States),Doi_(identifier)
Medicare_(United_States),Alison_Kodjak
Medicare_(United_States),Wayback_Machine
Medicare_(United_States),University_of_Iowa_Hospitals_and_Clinics
Medicare_(United_States),FindArticles
Medicare_(United_States),Uwe_Reinhardt
Medicare_(United_States),Donald_B._Marron_Jr.
Medicare_(United_States),National_Law_Review
Medicare_(United_States),ISSN_(identifier)
Medicare_(United_States),Title_42_of_the_Code_of_Federal_Regulations
Medicare_(United_States),Federal_Register
Medicare_(United_States),Title_42_of_the_United_States_Code
Medicare_(United_States),Administration_for_Community_Living
Medicare_(United_States),Public_Agenda
Medicare_(United_States),The_Washington_Post
Medicare_(United_States),Health_Affairs
Medicare_(United_States),USA_Today_(magazine)
Medicare_(United_States),BNET
Medicare_(United_States),Talk_of_the_Nation
Medicare_(United_States),NPR
Medicare_(United_States),Robert_Dallek
Medicare_(United_States),PMC_(identifier)
Medicare_(United_States),The_Incidental_Economist
Medicare_(United_States),Office_of_Management_and_Budget
Medicare_(United_States),NARA
Medicare_(United_States),Theda_Skocpol
Medicare_(United_States),Congressional_Research_Service
Medicare_(United_States),United_States_Government_Publishing_Office
Medicare_(United_States),Template_talk:Ssusa
Medicare_(United_States),Social_Security_(United_States)
Medicare_(United_States),History_of_Social_Security_in_the_United_States
Medicare_(United_States),Disability_Determination_Services
Medicare_(United_States),Retirement_Insurance_Benefits
Medicare_(United_States),Supplemental_Security_Income
Medicare_(United_States),Temporary_Assistance_for_Needy_Families
Medicare_(United_States),Ticket_to_Work
Medicare_(United_States),Unemployment_benefits
Medicare_(United_States),Disability_fraud
Medicare_(United_States),Federal_Insurance_Contributions_Act_tax
Medicare_(United_States),Revenue_Act_of_1942
Medicare_(United_States),Social_Security_Act
Medicare_(United_States),Social_Security_Death_Index
Medicare_(United_States),Social_Security_Trust_Fund
Medicare_(United_States),Windfall_Elimination_Provision
Medicare_(United_States),Isidore_Sydney_Falk
Medicare_(United_States),Frances_Perkins
Medicare_(United_States),Legacy_debt
Medicare_(United_States),Numident
Medicare_(United_States),Office_of_the_Chief_Actuary
Medicare_(United_States),Primary_Insurance_Amount
Medicare_(United_States),Social_Security_debate_(United_States)
Medicare_(United_States),Social_Security_Wage_Base
Medicare_(United_States),Years_of_coverage
Medicare_(United_States),Template_talk:Lyndon_B._Johnson
Medicare_(United_States),List_of_presidents_of_the_United_States
Medicare_(United_States),List_of_vice_presidents_of_the_United_States
Medicare_(United_States),Vice_President_of_the_United_States
Medicare_(United_States),United_States_Senate
Medicare_(United_States),List_of_United_States_senators_from_Texas
Medicare_(United_States),Texas's_10th_congressional_district
Medicare_(United_States),Presidency_of_Lyndon_B._Johnson
Medicare_(United_States),Timeline_of_the_Lyndon_B._Johnson_presidency
Medicare_(United_States),First_inauguration_of_Lyndon_B._Johnson
Medicare_(United_States),Second_inauguration_of_Lyndon_B._Johnson
Medicare_(United_States),Let_Us_Continue
Medicare_(United_States),Great_Society
Medicare_(United_States),Model_Cities_Program
Medicare_(United_States),Architectural_Barriers_Act_of_1968
Medicare_(United_States),Child_Nutrition_Act
Medicare_(United_States),Clean_Air_Act_(United_States)
Medicare_(United_States),Civil_Rights_Act_of_1964
Medicare_(United_States),Coinage_Act_of_1965
Medicare_(United_States),United_States_Department_of_Housing_and_Urban_Development
Medicare_(United_States),United_States_Department_of_Transportation
Medicare_(United_States),Economic_Opportunity_Act_of_1964
Medicare_(United_States),Head_Start_Program
Medicare_(United_States),Job_Corps
Medicare_(United_States),Office_of_Economic_Opportunity
Medicare_(United_States),Elementary_and_Secondary_Education_Act
Medicare_(United_States),United_States_Equal_Employment_Opportunity_Commission
Medicare_(United_States),Civil_Rights_Act_of_1968
Medicare_(United_States),Fair_Housing_Act
Medicare_(United_States),Truth_in_Lending_Act
Medicare_(United_States),Federal-Aid_Highway_Act_of_1968
Medicare_(United_States),Food_Stamp_Act_of_1964
Medicare_(United_States),Glassboro_Summit_Conference
Medicare_(United_States),Gun_Control_Act_of_1968
Medicare_(United_States),Higher_Education_Act_of_1965
Medicare_(United_States),Upward_Bound
Medicare_(United_States),TRIO_(program)
Medicare_(United_States),Teacher_Corps
Medicare_(United_States),Housing_and_Urban_Development_Act_of_1968
Medicare_(United_States),Immigration_and_Nationality_Act_of_1965
Medicare_(United_States),Johnson_Doctrine
Medicare_(United_States),United_States_occupation_of_the_Dominican_Republic_(1965–66)
Medicare_(United_States),Meritorious_Service_Medal_(United_States)
Medicare_(United_States),National_Endowment_for_the_Arts
Medicare_(United_States),National_Endowment_for_the_Humanities
Medicare_(United_States),Executive_Order_11246
Medicare_(United_States),Executive_Order_11375
Medicare_(United_States),Older_Americans_Act
Medicare_(United_States),Operation_CHAOS
Medicare_(United_States),Outer_Space_Treaty
Medicare_(United_States),Public_Broadcasting_Act_of_1967
Medicare_(United_States),Foreign_policy_of_the_Lyndon_B._Johnson_administration
Medicare_(United_States),Vietnam_War
Medicare_(United_States),Gulf_of_Tonkin_Resolution
Medicare_(United_States),Credibility_gap
Medicare_(United_States),AmeriCorps_VISTA
Medicare_(United_States),Twenty-fourth_Amendment_to_the_United_States_Constitution
Medicare_(United_States),Voting_Rights_Act_of_1965
Medicare_(United_States),War_on_Poverty
Medicare_(United_States),White_House_Conference_on_Civil_Rights
Medicare_(United_States),Cannabis_policy_of_the_Lyndon_B._Johnson_administration
Medicare_(United_States),Committee_for_the_Preservation_of_the_White_House
Medicare_(United_States),State_of_the_Union
Medicare_(United_States),1964_State_of_the_Union_Address
Medicare_(United_States),1965_State_of_the_Union_Address
Medicare_(United_States),1966_State_of_the_Union_Address
Medicare_(United_States),1967_State_of_the_Union_Address
Medicare_(United_States),1968_State_of_the_Union_Address
Medicare_(United_States),1969_State_of_the_Union_Address
Medicare_(United_States),List_of_federal_judges_appointed_by_Lyndon_B._Johnson
Medicare_(United_States),Lyndon_B._Johnson_Supreme_Court_candidates
Medicare_(United_States),Thurgood_Marshall_Supreme_Court_nomination
Medicare_(United_States),Lyndon_B._Johnson_judicial_appointment_controversies
Medicare_(United_States),Johnson_desk
Medicare_(United_States),Presidential_transition_of_Richard_Nixon
Medicare_(United_States),Operation_Texas
Medicare_(United_States),KTBC_(TV)
Medicare_(United_States),Johnson_Amendment
Medicare_(United_States),Box_13_scandal
Medicare_(United_States),Bashir_Ahmad_(camel_driver)
Medicare_(United_States),Charles_E._Marsh
Medicare_(United_States),Alice_Marsh
Medicare_(United_States),Helen_Gahagan_Douglas
Medicare_(United_States),List_of_memorials_to_Lyndon_B._Johnson
Medicare_(United_States),Lyndon_B._Johnson_bibliography
Medicare_(United_States),Lyndon_Baines_Johnson_Library_and_Museum
Medicare_(United_States),Lyndon_B._Johnson_National_Grassland
Medicare_(United_States),Lyndon_B._Johnson_National_Historical_Park
Medicare_(United_States),Johnson_Space_Center
Medicare_(United_States),Lyndon_Baines_Johnson_Department_of_Education_Building
Medicare_(United_States),Lyndon_Baines_Johnson_Day
Medicare_(United_States),Lyndon_B._Johnson_School_of_Public_Affairs
Medicare_(United_States),Lyndon_Baines_Johnson_Memorial_Grove_on_the_Potomac
Medicare_(United_States),Presidents_of_the_United_States_on_U.S._postage_stamps
Medicare_(United_States),USS_Lyndon_B._Johnson
Medicare_(United_States),Black_Jack_(horse)
Medicare_(United_States),Electoral_history_of_Lyndon_B._Johnson
Medicare_(United_States),1937_United_States_House_of_Representatives_elections
Medicare_(United_States),1938_United_States_House_of_Representatives_elections
Medicare_(United_States),1940_United_States_House_of_Representatives_elections
Medicare_(United_States),1942_United_States_House_of_Representatives_elections
Medicare_(United_States),1944_United_States_House_of_Representatives_elections
Medicare_(United_States),1946_United_States_House_of_Representatives_elections
Medicare_(United_States),1941_United_States_Senate_special_election_in_Texas
Medicare_(United_States),1948_United_States_Senate_elections
Medicare_(United_States),1954_United_States_Senate_elections
Medicare_(United_States),1960_United_States_Senate_elections
Medicare_(United_States),List_of_Democratic_Party_presidential_primaries
Medicare_(United_States),1960_Democratic_Party_presidential_primaries
Medicare_(United_States),1964_Democratic_Party_presidential_primaries
Medicare_(United_States),Lyndon_B._Johnson_1964_presidential_campaign
Medicare_(United_States),1968_Democratic_Party_presidential_primaries
Medicare_(United_States),Withdrawal_of_Lyndon_B._Johnson_from_the_1968_United_States_presidential_election
Medicare_(United_States),List_of_Democratic_National_Conventions
Medicare_(United_States),1956_Democratic_National_Convention
Medicare_(United_States),1960_Democratic_National_Convention
Medicare_(United_States),1964_Democratic_National_Convention
Medicare_(United_States),List_of_United_States_presidential_elections_by_popular_vote_margin
Medicare_(United_States),1960_United_States_presidential_election
Medicare_(United_States),Presidential_transition_of_John_F._Kennedy
Medicare_(United_States),1964_United_States_presidential_election
Medicare_(United_States),Lyndon_B._Johnson_in_popular_culture
Medicare_(United_States),Daisy_(advertisement)
Medicare_(United_States),Johnson_cult
Medicare_(United_States),The_Years_of_Lyndon_Johnson
Medicare_(United_States),Master_of_the_Senate
Medicare_(United_States),LBJ_(1991_film)
Medicare_(United_States),Path_to_War
Medicare_(United_States),All_the_Way_(play)
Medicare_(United_States),All_the_Way_(2016_film)
Medicare_(United_States),Selma_(film)
Medicare_(United_States),LBJ_(2016_film)
Medicare_(United_States),Family_of_Lyndon_B._Johnson
Medicare_(United_States),Lady_Bird_Johnson
Medicare_(United_States),Lynda_Bird_Johnson_Robb
Medicare_(United_States),Luci_Baines_Johnson
Medicare_(United_States),Samuel_Ealy_Johnson_Jr.
Medicare_(United_States),Sam_Houston_Johnson
Medicare_(United_States),Samuel_Ealy_Johnson_Sr.
Medicare_(United_States),Joseph_Wilson_Baines
Medicare_(United_States),George_Washington_Baines
Medicare_(United_States),Chuck_Robb
Medicare_(United_States),John_F._Kennedy
Medicare_(United_States),Richard_Nixon
Medicare_(United_States),Hubert_Humphrey
Medicaid,Medicare_(United_States)
Medicaid,Centers_for_Medicare_&_Medicaid_Services
Medicaid,United_States
Medicaid,Health_insurance
Medicaid,U.S._state
Medicaid,Social_Security_Amendments_of_1965
Medicaid,Great_Society
Medicaid,Lyndon_B._Johnson
Medicaid,Affordable_Care_Act
Medicaid,Poverty_line_in_the_United_States
Medicaid,National_Federation_of_Independent_Business_v._Sebelius
Medicaid,One_Big_Beautiful_Bill_Act
Medicaid,Citizenship_in_the_United_States
Medicaid,Disability
Medicaid,Tricare
Medicaid,Veterans_Health_Administration
Medicaid,Children's_Health_Insurance_Program
Medicaid,Medical_insurance
Medicaid,Medicaid_managed_care
Medicaid,Managed_Care_Organization
Medicaid,Fee_for_service
Medicaid,Kaiser_Family_Foundation
Medicaid,Healthcare_in_the_United_States
Medicaid,Federal_Employees_Health_Benefits_Program
Medicaid,Indian_Health_Service
Medicaid,Military_Health_System
Medicaid,Program_of_All-Inclusive_Care_for_the_Elderly
Medicaid,Consumer-driven_healthcare
Medicaid,Flexible_spending_account
Medicaid,Health_reimbursement_account
Medicaid,Health_savings_account
Medicaid,High-deductible_health_plan
Medicaid,Medical_savings_account_(United_States)
Medicaid,Health_insurance_in_the_United_States
Medicaid,Health_insurance_marketplace
Medicaid,Premium_tax_credit
Medicaid,Managed_care
Medicaid,Exclusive_provider_organization
Medicaid,Health_maintenance_organization
Medicaid,Preferred_provider_organization
Medicaid,Medical_underwriting
Medicaid,Healthcare_reform_in_the_United_States
Medicaid,Emergency_Medical_Treatment_and_Active_Labor_Act
Medicaid,Health_Insurance_Portability_and_Accountability_Act
Medicaid,"Medicare_Prescription_Drug,_Improvement,_and_Modernization_Act"
Medicaid,Patient_Safety_and_Quality_Improvement_Act
Medicaid,Health_Information_Technology_for_Economic_and_Clinical_Health_Act
Medicaid,Patient_Protection_and_Affordable_Care_Act
Medicaid,Dirigo_Health
Medicaid,Maine
Medicaid,Massachusetts_health_care_reform
Medicaid,Oregon_Health_Plan
Medicaid,SustiNet
Medicaid,Connecticut
Medicaid,Vermont_health_care_reform
Medicaid,Healthcare_in_California
Medicaid,Healthy_San_Francisco
Medicaid,Healthy_Way_LA
Medicaid,My_Health_LA
Medicaid,Fair_Share_Health_Care_Act
Medicaid,Healthy_Howard
Medicaid,Template_talk:Health_care_in_the_United_States
Medicaid,Social_Security_Act
Medicaid,Medicaid_Drug_Rebate_Program
Medicaid,Health_Insurance_Premium_Payment_Program
Medicaid,Omnibus_Budget_Reconciliation_Act_of_1990
Medicaid,Omnibus_Budget_Reconciliation_Act_of_1993
Medicaid,Medicaid_estate_recovery
Medicaid,Special_education
Medicaid,Medicaid_coverage_gap
Medicaid,"Washington,_D.C."
Medicaid,Centers_for_Medicare_and_Medicaid_Services
Medicaid,Kansas
Medicaid,Emergency_care
Medicaid,Kentucky
Medicaid,Arkansas
Medicaid,Texas
Medicaid,United_States_Department_of_Health_and_Human_Services
Medicaid,United_States_Census_Bureau
Medicaid,James_Boasberg
Medicaid,John_Thune
Medicaid,Mike_Johnson
Medicaid,US_federal_budget
Medicaid,Donald_Trump
Medicaid,United_States_budget_process
Medicaid,Federal_poverty_line
Medicaid,Abortion
Medicaid,Illegal_immigration
Medicaid,Pharmacy_benefit_management
Medicaid,Congressional_Budget_Office
Medicaid,Red_tape
Medicaid,United_States_Department_of_Agriculture
Medicaid,Brooke_Rollins
Medicaid,Elderly_care
Medicaid,Arizona
Medicaid,Arizona_Health_Care_Cost_Containment_System
Medicaid,California
Medicaid,Medi-Cal
Medicaid,HUSKY_D
Medicaid,Illinois
Medicaid,Iowa
Medicaid,Massachusetts
Medicaid,MassHealth
Medicaid,New_Jersey
Medicaid,Oregon
Medicaid,Oklahoma
Medicaid,Soonercare
Medicaid,Tennessee
Medicaid,TennCare
Medicaid,Washington_(state)
Medicaid,Washington_Apple_Health
Medicaid,Wisconsin
Medicaid,BadgerCare
Medicaid,Alabama
Medicaid,Alaska
Medicaid,Colorado
Medicaid,Florida
Medicaid,Georgia_(U.S._state)
Medicaid,Poverty_in_the_United_States
Medicaid,Adjusted_gross_income
Medicaid,Supplemental_Security_Income
Medicaid,Foster_care
Medicaid,Title_IV_of_the_Patriot_Act
Medicaid,Orthopedic_surgery
Medicaid,Delaware
Medicaid,Great_Recession
Medicaid,Social_insurance
Medicaid,End_Stage_Renal_Disease_Program
Medicaid,End-stage_renal_disease
Medicaid,Prescription_drug
Medicaid,Means-tested
Medicaid,Needs-based
Medicaid,Social_welfare_provision
Medicaid,Social_security
Medicaid,Medicare_dual_eligible
Medicaid,Nursing_home
Medicaid,Dentistry
Medicaid,Dental_restoration
Medicaid,EPSDT
Medicaid,Dental_Service_Organizations
Medicaid,United_States_Congress
Medicaid,Social_Security_Disability
Medicaid,Citizenship_of_the_United_States
Medicaid,Us_resident
Medicaid,Federal_poverty_level
Medicaid,Minnesota
Medicaid,Copayment
Medicaid,Deficit_Reduction_Act_of_2005
Medicaid,Immigration_to_the_United_States
Medicaid,Native_Americans_in_the_United_States
Medicaid,Hmong_people
Medicaid,Parole
Medicaid,Visa_policy_of_the_United_States
Medicaid,Deportation
Medicaid,SCHIP
Medicaid,HIV
Medicaid,AIDS
Medicaid,T-cell
Medicaid,Journal_of_the_American_Medical_Association
Medicaid,Antiretroviral
Medicaid,Departmental_Appeals_Board
Medicaid,Federal_financial_participation
Medicaid,Administrative_law_judge
Medicaid,Mood_disorder
Medicaid,Mental_disorder
Medicaid,Diabetes_mellitus
Medicaid,Cancer
Medicaid,Sickle_cell_anemia
Medicaid,Sepsis
Medicaid,Congestive_heart_failure
Medicaid,Chronic_obstructive_pulmonary_disease
Medicaid,Graft_(surgery)
Medicaid,Health_care_in_the_United_States
Medicaid,Gross_domestic_product
Medicaid,Matching_funds
Medicaid,American_Samoa
Medicaid,Puerto_Rico
Medicaid,Guam
Medicaid,United_States_Virgin_Islands
Medicaid,Block_grant_(United_States)
Medicaid,Federal_Medical_Assistance_Percentages
Medicaid,Michigan
Medicaid,Journal_of_Political_Economy
Medicaid,New_York_(state)
Medicaid,National_Bureau_of_Economic_Research
Medicaid,Hawaii
Medicaid,Compact_of_Free_Association
Medicaid,Stanford_University
Medicaid,Wharton_School
Medicaid,Credit_score
Medicaid,Food_security
Medicaid,Medical_debt
Medicaid,Substance_abuse_prevention
Medicaid,Behavioral_disorder
Medicaid,Oregon_Medicaid_health_experiment
Medicaid,Massachusetts_Institute_of_Technology
Medicaid,Harvard_School_of_Public_Health
Medicaid,Depression_(mood)
Medicaid,Mammography
Medicaid,Cholesterol
Medicaid,Democratic_Party_(United_States)
Medicaid,Republican_Party_(United_States)
Medicaid,Center_for_Medicare_and_Medicaid_Innovation
Medicaid,Enhanced_Primary_Care_Case_Management_Program
Medicaid,Medicaid_Home_and_Community-Based_Services_Waivers
Medicaid,Medicare_for_All_Act
Medicaid,Social_policy
Medicaid,State_Children's_Health_Insurance_Program
Medicaid,Doi_(identifier)
Medicaid,ISSN_(identifier)
Medicaid,PMID_(identifier)
Medicaid,S2CID_(identifier)
Medicaid,ISBN_(identifier)
Medicaid,U.S._Department_of_Health_and_Human_Services
Medicaid,PMC_(identifier)
Medicaid,National_Council_on_Aging
Medicaid,Wayback_Machine
Medicaid,California_Department_of_Health_Care_Services
Medicaid,Congressional_Research_Service
Medicaid,Public_domain
Medicaid,Title_42_of_the_Code_of_Federal_Regulations
Medicaid,Title_42_of_the_United_States_Code
Medicaid,FactCheck.org
Medicaid,Annenberg_Public_Policy_Center
Medicaid,Hdl_(identifier)
Medicaid,Los_Angeles_Times
Medicaid,JSTOR_(identifier)
Medicaid,House_Ways_and_Means_Committee
Medicaid,United_States_Government_Publishing_Office
Medicaid,Families_USA
Medicaid,Template_talk:Ssusa
Medicaid,Social_Security_(United_States)
Medicaid,History_of_Social_Security_in_the_United_States
Medicaid,Social_Security_Administration
Medicaid,Social_Security_number
Medicaid,Disability_Determination_Services
Medicaid,Retirement_Insurance_Benefits
Medicaid,Social_Security_Disability_Insurance
Medicaid,Temporary_Assistance_for_Needy_Families
Medicaid,Ticket_to_Work
Medicaid,Unemployment_benefits
Medicaid,Disability_fraud
Medicaid,Federal_Insurance_Contributions_Act_tax
Medicaid,Revenue_Act_of_1942
Medicaid,Social_Security_Death_Index
Medicaid,Social_Security_Trust_Fund
Medicaid,Windfall_Elimination_Provision
Medicaid,Isidore_Sydney_Falk
Medicaid,Frances_Perkins
Medicaid,Legacy_debt
Medicaid,Numident
Medicaid,Office_of_the_Chief_Actuary
Medicaid,Primary_Insurance_Amount
Medicaid,Social_Security_debate_(United_States)
Medicaid,Social_Security_Wage_Base
Medicaid,Years_of_coverage
Medicaid,Template_talk:Lyndon_B._Johnson
Medicaid,List_of_presidents_of_the_United_States
Medicaid,President_of_the_United_States
Medicaid,List_of_vice_presidents_of_the_United_States
Medicaid,Vice_President_of_the_United_States
Medicaid,United_States_Senate
Medicaid,List_of_United_States_senators_from_Texas
Medicaid,United_States_House_of_Representatives
Medicaid,Texas's_10th_congressional_district
Medicaid,Presidency_of_Lyndon_B._Johnson
Medicaid,Timeline_of_the_Lyndon_B._Johnson_presidency
Medicaid,First_inauguration_of_Lyndon_B._Johnson
Medicaid,Second_inauguration_of_Lyndon_B._Johnson
Medicaid,Let_Us_Continue
Medicaid,Model_Cities_Program
Medicaid,Architectural_Barriers_Act_of_1968
Medicaid,Child_Nutrition_Act
Medicaid,Clean_Air_Act_(United_States)
Medicaid,Civil_Rights_Act_of_1964
Medicaid,Coinage_Act_of_1965
Medicaid,United_States_Department_of_Housing_and_Urban_Development
Medicaid,United_States_Department_of_Transportation
Medicaid,Economic_Opportunity_Act_of_1964
Medicaid,Head_Start_Program
Medicaid,Job_Corps
Medicaid,Office_of_Economic_Opportunity
Medicaid,Elementary_and_Secondary_Education_Act
Medicaid,United_States_Equal_Employment_Opportunity_Commission
Medicaid,Civil_Rights_Act_of_1968
Medicaid,Fair_Housing_Act
Medicaid,Truth_in_Lending_Act
Medicaid,Federal-Aid_Highway_Act_of_1968
Medicaid,Food_Stamp_Act_of_1964
Medicaid,Glassboro_Summit_Conference
Medicaid,Gun_Control_Act_of_1968
Medicaid,Higher_Education_Act_of_1965
Medicaid,Upward_Bound
Medicaid,TRIO_(program)
Medicaid,Teacher_Corps
Medicaid,Housing_and_Urban_Development_Act_of_1968
Medicaid,Immigration_and_Nationality_Act_of_1965
Medicaid,Johnson_Doctrine
Medicaid,United_States_occupation_of_the_Dominican_Republic_(1965–66)
Medicaid,Meritorious_Service_Medal_(United_States)
Medicaid,National_Endowment_for_the_Arts
Medicaid,National_Endowment_for_the_Humanities
Medicaid,Executive_Order_11246
Medicaid,Executive_Order_11375
Medicaid,Older_Americans_Act
Medicaid,Operation_CHAOS
Medicaid,Outer_Space_Treaty
Medicaid,Public_Broadcasting_Act_of_1967
Medicaid,Foreign_policy_of_the_Lyndon_B._Johnson_administration
Medicaid,Vietnam_War
Medicaid,Gulf_of_Tonkin_Resolution
Medicaid,Credibility_gap
Medicaid,AmeriCorps_VISTA
Medicaid,Twenty-fourth_Amendment_to_the_United_States_Constitution
Medicaid,Voting_Rights_Act_of_1965
Medicaid,War_on_Poverty
Medicaid,White_House_Conference_on_Civil_Rights
Medicaid,Cannabis_policy_of_the_Lyndon_B._Johnson_administration
Medicaid,Committee_for_the_Preservation_of_the_White_House
Medicaid,State_of_the_Union
Medicaid,1964_State_of_the_Union_Address
Medicaid,1965_State_of_the_Union_Address
Medicaid,1966_State_of_the_Union_Address
Medicaid,1967_State_of_the_Union_Address
Medicaid,1968_State_of_the_Union_Address
Medicaid,1969_State_of_the_Union_Address
Medicaid,List_of_federal_judges_appointed_by_Lyndon_B._Johnson
Medicaid,Lyndon_B._Johnson_Supreme_Court_candidates
Medicaid,Thurgood_Marshall_Supreme_Court_nomination
Medicaid,Lyndon_B._Johnson_judicial_appointment_controversies
Medicaid,Johnson_desk
Medicaid,Presidential_transition_of_Richard_Nixon
Medicaid,Operation_Texas
Medicaid,KTBC_(TV)
Medicaid,Johnson_Amendment
Medicaid,Box_13_scandal
Medicaid,Bashir_Ahmad_(camel_driver)
Medicaid,Charles_E._Marsh
Medicaid,Alice_Marsh
Medicaid,Helen_Gahagan_Douglas
Medicaid,List_of_memorials_to_Lyndon_B._Johnson
Medicaid,Lyndon_B._Johnson_bibliography
Medicaid,Lyndon_Baines_Johnson_Library_and_Museum
Medicaid,Lyndon_B._Johnson_National_Grassland
Medicaid,Lyndon_B._Johnson_National_Historical_Park
Medicaid,Johnson_Space_Center
Medicaid,Lyndon_Baines_Johnson_Department_of_Education_Building
Medicaid,Lyndon_Baines_Johnson_Day
Medicaid,Lyndon_B._Johnson_School_of_Public_Affairs
Medicaid,Lyndon_Baines_Johnson_Memorial_Grove_on_the_Potomac
Medicaid,Presidents_of_the_United_States_on_U.S._postage_stamps
Medicaid,USS_Lyndon_B._Johnson
Medicaid,Black_Jack_(horse)
Medicaid,Electoral_history_of_Lyndon_B._Johnson
Medicaid,1937_United_States_House_of_Representatives_elections
Medicaid,1938_United_States_House_of_Representatives_elections
Medicaid,1940_United_States_House_of_Representatives_elections
Medicaid,1942_United_States_House_of_Representatives_elections
Medicaid,1944_United_States_House_of_Representatives_elections
Medicaid,1946_United_States_House_of_Representatives_elections
Medicaid,1941_United_States_Senate_special_election_in_Texas
Medicaid,1948_United_States_Senate_elections
Medicaid,1954_United_States_Senate_elections
Medicaid,1960_United_States_Senate_elections
Medicaid,List_of_Democratic_Party_presidential_primaries
Medicaid,1960_Democratic_Party_presidential_primaries
Medicaid,1964_Democratic_Party_presidential_primaries
Medicaid,Lyndon_B._Johnson_1964_presidential_campaign
Medicaid,1968_Democratic_Party_presidential_primaries
Medicaid,Withdrawal_of_Lyndon_B._Johnson_from_the_1968_United_States_presidential_election
Medicaid,List_of_Democratic_National_Conventions
Medicaid,1956_Democratic_National_Convention
Medicaid,1960_Democratic_National_Convention
Medicaid,1964_Democratic_National_Convention
Medicaid,List_of_United_States_presidential_elections_by_popular_vote_margin
Medicaid,1960_United_States_presidential_election
Medicaid,Presidential_transition_of_John_F._Kennedy
Medicaid,1964_United_States_presidential_election
Medicaid,Lyndon_B._Johnson_in_popular_culture
Medicaid,Daisy_(advertisement)
Medicaid,Johnson_cult
Medicaid,The_Years_of_Lyndon_Johnson
Medicaid,Master_of_the_Senate
Medicaid,LBJ_(1991_film)
Medicaid,Path_to_War
Medicaid,All_the_Way_(play)
Medicaid,All_the_Way_(2016_film)
Medicaid,Selma_(film)
Medicaid,LBJ_(2016_film)
Medicaid,Family_of_Lyndon_B._Johnson
Medicaid,Lady_Bird_Johnson
Medicaid,Lynda_Bird_Johnson_Robb
Medicaid,Luci_Baines_Johnson
Medicaid,Samuel_Ealy_Johnson_Jr.
Medicaid,Sam_Houston_Johnson
Medicaid,Samuel_Ealy_Johnson_Sr.
Medicaid,Joseph_Wilson_Baines
Medicaid,George_Washington_Baines
Medicaid,Chuck_Robb
Medicaid,John_F._Kennedy
Medicaid,Richard_Nixon
Medicaid,Hubert_Humphrey
Medical_debt,Health_care_costs
Medical_debt,Credit_card_debt
Medical_debt,National_Health_Interview_Survey
Medical_debt,United_States
Medical_debt,Pew_Research_Center
Medical_debt,Non-governmental_organization
Medical_debt,Patient_Protection_and_Affordable_Care_Act
Medical_debt,Bankruptcy_in_the_United_States
Medical_debt,Health_insurance
Medical_debt,Medication
Medical_debt,Netherlands
Medical_debt,Switzerland
Medical_debt,Affordable_Care_Act
Medical_debt,Demos_(U.S._think_tank)
Medical_debt,Western_Europe
Medical_debt,Japan
Medical_debt,Australia
Medical_debt,Los_Angeles_Times
Medical_debt,United_Kingdom
Medical_debt,Sweden
Medical_debt,France
Medical_debt,Germany
Medical_debt,World_Health_Organization
Medical_debt,Canada
Medical_debt,Physicians_for_a_National_Health_Program
Medical_debt,Medicare_for_All
Medical_debt,Johns_Hopkins_Bloomberg_School_of_Public_Health
Medical_debt,Surgeon
Medical_debt,Johns_Hopkins_Hospital
Medical_debt,Debt_negotiation
Medical_debt,Finger_Lakes
Medical_debt,New_York_(state)
Medical_debt,Debt_collection
Medical_debt,Debt_consolidation
Medical_debt,Charge_description_master
Medical_debt,Financial_toxicity
Medical_debt,Health_care_in_the_United_States
Medical_debt,Health_care_systems_by_country
Medical_debt,Health_economics
Medical_debt,Health_system
Medical_debt,Underinsured
Medical_debt,The_New_York_Times
Medical_debt,CBS_News
Medical_debt,Doi_(identifier)
Medical_debt,ISSN_(identifier)
Medical_debt,OCLC_(identifier)
Medical_debt,PMID_(identifier)
Medical_debt,S2CID_(identifier)
Medical_debt,Reuters
Medical_debt,PMC_(identifier)
Medical_debt,NPR
Medical_debt,American_Journal_of_Public_Health
Medical_debt,ISBN_(identifier)
Medical_debt,Boston_Globe
Medical_debt,Template_talk:Medical_harm
Medical_debt,Adverse_effect
Medical_debt,Adverse_drug_reaction
Medical_debt,Health_care_fraud
Medical_debt,Iatrogenesis
Medical_debt,Informed_consent
Medical_debt,Involuntary_treatment
Medical_debt,Medical_law
Medical_debt,Medical_malpractice
Medical_debt,Medical_error
Medical_debt,Medical_ethics
Medical_debt,Never_event
Medical_debt,Patient_abuse
Medical_debt,Patient_safety
Medical_debt,Pharmaceutical_fraud
Medical_debt,Primum_non_nocere
Medical_debt,Quackery
Medical_debt,Unnecessary_health_care
Medical_debt,Balance_billing
Medical_debt,Medication_costs
Medical_debt,Drapetomania
Medical_debt,Sluggish_schizophrenia
Medical_debt,Compulsory_sterilization
Medical_debt,Medical_torture
Medical_debt,Pharmacological_torture
Medical_debt,Physician_gag_law
Medical_debt,The_Protest_Psychosis
Medical_debt,Political_abuse_of_psychiatry
Medical_debt,Political_abuse_of_psychiatry_in_Russia
Medical_debt,Political_abuse_of_psychiatry_in_the_Soviet_Union
Medical_debt,Political_abuse_of_psychiatry_in_the_United_States
Medical_debt,Hospital-acquired_pneumonia
Medical_debt,Hospital-acquired_infection
Medical_debt,Iatrogenic_anemia
Medical_debt,Medical_resident_work_hours
Medical_debt,Physician_supply
Medical_debt,Drug_pollution
Medical_debt,List_of_medicine_contamination_incidents
Medical_debt,Template_talk:Debt
Medical_debt,Debt
Medical_debt,Bond_(finance)
Medical_debt,Corporate_bond
Medical_debt,Debenture
Medical_debt,Government_bond
Medical_debt,Municipal_bond
Medical_debt,Loan
Medical_debt,Business_loan
Medical_debt,Credit
Medical_debt,Loan_shark
Medical_debt,Interest-only_loan
Medical_debt,Mortgage
Medical_debt,Negative_amortization
Medical_debt,Payday_loan
Medical_debt,Predatory_lending
Medical_debt,Usury
Medical_debt,Vendor_finance
Medical_debt,Bankruptcy
Medical_debt,Debt_management_plan
Medical_debt,Debt_relief
Medical_debt,History_of_debt_relief
Medical_debt,Debt_restructuring
Medical_debt,Debt_snowball_method
Medical_debt,Debtor-in-possession_financing
Medical_debt,Negative_equity
Medical_debt,Financial_literacy
Medical_debt,Loan_guarantee
Medical_debt,Debt_evasion
Medical_debt,Bad_debt
Medical_debt,Charge-off
Medical_debt,Debt_compliance
Medical_debt,Debt_bondage
Medical_debt,Debt_crisis
Medical_debt,List_of_sovereign_debt_crises
Medical_debt,Debt_overhang
Medical_debt,Debtors'_prison
Medical_debt,Default_(finance)
Medical_debt,Sovereign_default
Medical_debt,Distraint
Medical_debt,Garnishment
Medical_debt,Insolvency
Medical_debt,Interest_(economics)
Medical_debt,Interest_expense
Medical_debt,Interest_rate
Medical_debt,Promissory_note
Medical_debt,Phantom_debt
Medical_debt,Strategic_default
Medical_debt,Tax_refund_interception
Medical_debt,Bond_market
Medical_debt,Consumer_debt
Medical_debt,List_of_countries_by_corporate_debt
Medical_debt,Corporate_debt_bubble
Medical_debt,Debt-trap_diplomacy
Medical_debt,Government_debt
Medical_debt,List_of_countries_by_government_debt
Medical_debt,Government_budget_balance
Medical_debt,Unfunded_mandate
Medical_debt,Venture_debt
Medical_debt,Debt_buyer_(United_States)
Medical_debt,Deposit_account
Medical_debt,Fixed_income
Medical_debt,Money_market
Medical_debt,Securitization
Medical_debt,Consumer_leverage_ratio
Medical_debt,Debt_deflation
Medical_debt,Debt-to-GDP_ratio
Medical_debt,Debt-to-income_ratio
Medical_debt,List_of_countries_by_household_debt
Medical_debt,Debt_monetization
Medical_debt,Global_debt
Medical_debt,External_debt
Medical_debt,List_of_countries_by_external_debt
Medical_debt,Internal_debt
Medical_debt,Odious_debt
Medical_debt,Leverage_(finance)
Prescription_drug_prices_in_the_United_States,Pharmaceutical_drugs
Prescription_drug_prices_in_the_United_States,Peter_Bach
Prescription_drug_prices_in_the_United_States,Outcomes_research
Prescription_drug_prices_in_the_United_States,Memorial_Sloan_Kettering_Cancer_Center
Prescription_drug_prices_in_the_United_States,Price_controls
Prescription_drug_prices_in_the_United_States,Generic_drug
Prescription_drug_prices_in_the_United_States,Medicare_Part_D
Prescription_drug_prices_in_the_United_States,"Medicare_Prescription_Drug,_Improvement,_and_Modernization_Act"
Prescription_drug_prices_in_the_United_States,Veterans_Health_Administration
Prescription_drug_prices_in_the_United_States,United_States_Department_of_Defense
Prescription_drug_prices_in_the_United_States,340B_Drug_Pricing_Program
Prescription_drug_prices_in_the_United_States,Medicaid
Prescription_drug_prices_in_the_United_States,Government_Accountability_Office
Prescription_drug_prices_in_the_United_States,Retail_price
Prescription_drug_prices_in_the_United_States,"Usual,_customary_and_reasonable"
Prescription_drug_prices_in_the_United_States,BlueCross_BlueShield
Prescription_drug_prices_in_the_United_States,AARP
Prescription_drug_prices_in_the_United_States,American_Enterprise_Institute
Prescription_drug_prices_in_the_United_States,Think_tank
Prescription_drug_prices_in_the_United_States,Patient_Protection_and_Affordable_Care_Act
Prescription_drug_prices_in_the_United_States,Great_Recession
Prescription_drug_prices_in_the_United_States,Medicare_Part_D_coverage_gap
Prescription_drug_prices_in_the_United_States,Out-of-pocket_expenses
Prescription_drug_prices_in_the_United_States,Brand-name
Prescription_drug_prices_in_the_United_States,Turing_Pharmaceuticals
Prescription_drug_prices_in_the_United_States,Valeant_Pharmaceuticals
Prescription_drug_prices_in_the_United_States,Price_gouging
Prescription_drug_prices_in_the_United_States,United_States_Court_of_Appeals_for_the_Fourth_Circuit
Prescription_drug_prices_in_the_United_States,Dormant_Commerce_Clause
Prescription_drug_prices_in_the_United_States,United_States_Constitution
Prescription_drug_prices_in_the_United_States,Epinephrine_autoinjector
Prescription_drug_prices_in_the_United_States,Insulin
Prescription_drug_prices_in_the_United_States,Mylan
Prescription_drug_prices_in_the_United_States,EpiPen
Prescription_drug_prices_in_the_United_States,Teva_Pharmaceuticals
Prescription_drug_prices_in_the_United_States,Medicare_Prescription_Drug_Price_Negotiation_Act_of_2007
Prescription_drug_prices_in_the_United_States,Elijah_Cummings_Lower_Drug_Costs_Now_Act
Prescription_drug_prices_in_the_United_States,American_Families_Plan
Prescription_drug_prices_in_the_United_States,POTUS
Prescription_drug_prices_in_the_United_States,Donald_Trump
Prescription_drug_prices_in_the_United_States,Medicare_(United_States)
Prescription_drug_prices_in_the_United_States,Health_policy
Prescription_drug_prices_in_the_United_States,Department_of_Health_and_Human_Services
Prescription_drug_prices_in_the_United_States,Inflation_Reduction_Act
Prescription_drug_prices_in_the_United_States,United_States_Department_of_Health_and_Human_Services
Prescription_drug_prices_in_the_United_States,Medicare_Part_B
Prescription_drug_prices_in_the_United_States,Joe_Biden
Prescription_drug_prices_in_the_United_States,Price_caps
Prescription_drug_prices_in_the_United_States,Pharmaceutical_industry
Prescription_drug_prices_in_the_United_States,Executive_Order
Prescription_drug_prices_in_the_United_States,Food_and_Drug_Administration
Prescription_drug_prices_in_the_United_States,Prior_authorization
Prescription_drug_prices_in_the_United_States,Autoimmune_disease
Prescription_drug_prices_in_the_United_States,Specialty_drugs_in_the_United_States
Prescription_drug_prices_in_the_United_States,High-touch
Prescription_drug_prices_in_the_United_States,Prescription_drug
Prescription_drug_prices_in_the_United_States,Zokinvy
Prescription_drug_prices_in_the_United_States,Hutchinson-Gilford_progeria_syndrome
Prescription_drug_prices_in_the_United_States,Eiger_BioPharmaceuticals
Prescription_drug_prices_in_the_United_States,Myalept
Prescription_drug_prices_in_the_United_States,Leptin_deficiency
Prescription_drug_prices_in_the_United_States,Aegerion_Pharmaceuticals
Prescription_drug_prices_in_the_United_States,Ravicti
Prescription_drug_prices_in_the_United_States,Urea_cycle_disorders
Prescription_drug_prices_in_the_United_States,Horizon_Therapeutics
Prescription_drug_prices_in_the_United_States,Brineura
Prescription_drug_prices_in_the_United_States,Neuronal_ceroid_lipofuscinosis
Prescription_drug_prices_in_the_United_States,BioMarin_Pharmaceutical
Prescription_drug_prices_in_the_United_States,Folotyn
Prescription_drug_prices_in_the_United_States,Peripheral_T-cell_lymphoma
Prescription_drug_prices_in_the_United_States,Allos_Therapeutics
Prescription_drug_prices_in_the_United_States,Medical_Expenditure_Panel_Survey
Prescription_drug_prices_in_the_United_States,American_Diabetes_Association
Prescription_drug_prices_in_the_United_States,West_Health
Prescription_drug_prices_in_the_United_States,Senior_citizens
Prescription_drug_prices_in_the_United_States,Kaiser_Family_Foundation
Prescription_drug_prices_in_the_United_States,National_Center_for_Health_Statistics
Prescription_drug_prices_in_the_United_States,Consumer_import_of_prescription_drugs
Prescription_drug_prices_in_the_United_States,U.S._Customs_and_Border_Protection
Prescription_drug_prices_in_the_United_States,List_price
Prescription_drug_prices_in_the_United_States,Wholesale_price
Prescription_drug_prices_in_the_United_States,Average_wholesale_price_(pharmaceuticals)
Prescription_drug_prices_in_the_United_States,Markup_(business)
Prescription_drug_prices_in_the_United_States,Formulary_(pharmacy)
Prescription_drug_prices_in_the_United_States,Biosimilar
Prescription_drug_prices_in_the_United_States,Patents
Prescription_drug_prices_in_the_United_States,AstraZeneca
Prescription_drug_prices_in_the_United_States,Enantiomer
Prescription_drug_prices_in_the_United_States,Omeprazole
Prescription_drug_prices_in_the_United_States,Esomeprazole
Prescription_drug_prices_in_the_United_States,Natural_monopoly
Prescription_drug_prices_in_the_United_States,CBS_MoneyWatch
Prescription_drug_prices_in_the_United_States,Business_strategy
Prescription_drug_prices_in_the_United_States,Allergan
Prescription_drug_prices_in_the_United_States,JAMA
Prescription_drug_prices_in_the_United_States,S&P_500
Prescription_drug_prices_in_the_United_States,Bentley_University
Prescription_drug_prices_in_the_United_States,Orphan_drug
Prescription_drug_prices_in_the_United_States,Orphan_Drug_Act_of_1983
Prescription_drug_prices_in_the_United_States,Glioblastoma
Prescription_drug_prices_in_the_United_States,Glybera
Prescription_drug_prices_in_the_United_States,Alexion_Pharmaceuticals
Prescription_drug_prices_in_the_United_States,Soliris
Prescription_drug_prices_in_the_United_States,US_Food_and_Drug_Administration
Prescription_drug_prices_in_the_United_States,Bioequivalence
Prescription_drug_prices_in_the_United_States,European_Medicines_Agency
Prescription_drug_prices_in_the_United_States,Biosimilars
Prescription_drug_prices_in_the_United_States,Generic_Pharmaceutical_Association
Prescription_drug_prices_in_the_United_States,Prescription_Drug_User_Fee_Act
Prescription_drug_prices_in_the_United_States,Priority_review
Prescription_drug_prices_in_the_United_States,Center_for_Drug_Evaluation_and_Research
Prescription_drug_prices_in_the_United_States,Drug_development
Prescription_drug_prices_in_the_United_States,Comparative_effectiveness_research
Prescription_drug_prices_in_the_United_States,Cost–benefit_analyses
Prescription_drug_prices_in_the_United_States,David_R._Henderson
Prescription_drug_prices_in_the_United_States,Cato_Institute
Prescription_drug_prices_in_the_United_States,Pharmacy_benefit_manager
Prescription_drug_prices_in_the_United_States,Collective_buying_power
Prescription_drug_prices_in_the_United_States,Rebate_(marketing)
Prescription_drug_prices_in_the_United_States,GoodRx
Prescription_drug_prices_in_the_United_States,RxSaver
Prescription_drug_prices_in_the_United_States,Statin
Prescription_drug_prices_in_the_United_States,Price_fixing
Prescription_drug_prices_in_the_United_States,Quality-adjusted_life_year
Prescription_drug_prices_in_the_United_States,Oncology
Prescription_drug_prices_in_the_United_States,American_Society_of_Clinical_Oncology
Prescription_drug_prices_in_the_United_States,European_Society_for_Medical_Oncology
Prescription_drug_prices_in_the_United_States,Daraprim
Prescription_drug_prices_in_the_United_States,Jerry_Brown
Prescription_drug_prices_in_the_United_States,CalPERS
Prescription_drug_prices_in_the_United_States,Patented_Medicine_Prices_Review_Board
Prescription_drug_prices_in_the_United_States,Patients_for_Affordable_Drugs_Now
Prescription_drug_prices_in_the_United_States,Medical_research
Prescription_drug_prices_in_the_United_States,Pharmacy_and_Therapeutics
Prescription_drug_prices_in_the_United_States,Medicare_for_All_Act
Prescription_drug_prices_in_the_United_States,Elijah_E._Cummings_Lower_Drug_Costs_Now_Act
Prescription_drug_prices_in_the_United_States,United_States_Secretary_of_Health_and_Human_Services
Prescription_drug_prices_in_the_United_States,Bernie_Sanders
Prescription_drug_prices_in_the_United_States,International_Trade_Administration
Prescription_drug_prices_in_the_United_States,National_Bureau_of_Economic_Research
Prescription_drug_prices_in_the_United_States,Essential_medicines_policies
Prescription_drug_prices_in_the_United_States,Prescription_costs
Prescription_drug_prices_in_the_United_States,Prescription_charges
Prescription_drug_prices_in_the_United_States,Sri_Lanka_National_Pharmaceuticals_Policy
Prescription_drug_prices_in_the_United_States,Doi_(identifier)
Prescription_drug_prices_in_the_United_States,ISSN_(identifier)
Prescription_drug_prices_in_the_United_States,PMID_(identifier)
Prescription_drug_prices_in_the_United_States,PMC_(identifier)
Prescription_drug_prices_in_the_United_States,S2CID_(identifier)
Prescription_drug_prices_in_the_United_States,Wayback_Machine
Prescription_drug_prices_in_the_United_States,Harvard_Law_Review
Prescription_drug_prices_in_the_United_States,MSN
Prescription_drug_prices_in_the_United_States,The_New_York_Times
Prescription_drug_prices_in_the_United_States,ISBN_(identifier)
Prescription_drug_prices_in_the_United_States,OCLC_(identifier)
Prescription_drug_prices_in_the_United_States,JSTOR_(identifier)
Prescription_drug_prices_in_the_United_States,Forbes
Prescription_drug_prices_in_the_United_States,Stat_(website)
Prescription_drug_prices_in_the_United_States,HarperCollins
Prescription_drug_prices_in_the_United_States,City_University_of_New_York
Prescription_drug_prices_in_the_United_States,OTC_Markets_Group
Affordable_Care_Act,Obamacare_(song)
Affordable_Care_Act,Acronym
Affordable_Care_Act,111th_United_States_Congress
Affordable_Care_Act,United_States_Statutes_at_Large
Affordable_Care_Act,Public_Health_Service_Act
Affordable_Care_Act,Title_42_of_the_United_States_Code
Affordable_Care_Act,United_States_House_of_Representatives
Affordable_Care_Act,Charles_Rangel
Affordable_Care_Act,Democratic_Party_(United_States)
Affordable_Care_Act,New_York_(state)
Affordable_Care_Act,United_States_House_Committee_on_Ways_and_Means
Affordable_Care_Act,United_States_Senate
Affordable_Care_Act,Barack_Obama
Affordable_Care_Act,Health_Care_and_Education_Reconciliation_Act_of_2010
Affordable_Care_Act,Tax_Cuts_and_Jobs_Act_of_2017
Affordable_Care_Act,Supreme_Court_of_the_United_States
Affordable_Care_Act,National_Federation_of_Independent_Business_v._Sebelius
Affordable_Care_Act,"List_of_United_States_Supreme_Court_cases,_volume_567"
Affordable_Care_Act,United_States_Reports
Affordable_Care_Act,"Burwell_v._Hobby_Lobby_Stores,_Inc."
Affordable_Care_Act,"List_of_United_States_Supreme_Court_cases,_volume_573"
Affordable_Care_Act,King_v._Burwell
Affordable_Care_Act,"List_of_United_States_Supreme_Court_cases,_volume_576"
Affordable_Care_Act,Zubik_v._Burwell
Affordable_Care_Act,"List_of_United_States_Supreme_Court_cases,_volume_578"
Affordable_Care_Act,Maine_Community_Health_Options_v._United_States
Affordable_Care_Act,"List_of_United_States_Supreme_Court_cases,_volume_590"
Affordable_Care_Act,Little_Sisters_of_the_Poor_Saints_Peter_and_Paul_Home_v._Pennsylvania
Affordable_Care_Act,"List_of_United_States_Supreme_Court_cases,_volume_591"
Affordable_Care_Act,California_v._Texas
Affordable_Care_Act,"List_of_United_States_Supreme_Court_cases,_volume_593"
Affordable_Care_Act,"Cummings_v._Premier_Rehab_Keller,_P.L.L.C."
Affordable_Care_Act,"List_of_United_States_Supreme_Court_cases,_volume_596"
Affordable_Care_Act,U.S._federal_statute
Affordable_Care_Act,Healthcare_in_the_United_States
Affordable_Care_Act,Medicare_(United_States)
Affordable_Care_Act,Medicaid
Affordable_Care_Act,Healthcare_industry
Affordable_Care_Act,Individually_purchased_health_insurance
Affordable_Care_Act,Medicare_Advantage
Affordable_Care_Act,Congressional_Budget_Office
Affordable_Care_Act,Government_budget_balance
Affordable_Care_Act,Health_insurance_in_the_United_States
Affordable_Care_Act,Guaranteed_issue
Affordable_Care_Act,Pre-existing_condition
Affordable_Care_Act,Adverse_selection
Affordable_Care_Act,Individual_shared_responsibility_provision
Affordable_Care_Act,Essential_health_benefits
Affordable_Care_Act,Constitutional_challenges_to_the_Patient_Protection_and_Affordable_Care_Act
Affordable_Care_Act,Commerce_Clause
Affordable_Care_Act,Tax_Cuts_and_Jobs_Act
Affordable_Care_Act,Individual_mandate
Affordable_Care_Act,Provisions_of_the_Patient_Protection_and_Affordable_Care_Act
Affordable_Care_Act,Jim_Clyburn
Affordable_Care_Act,Public_Health_Service_Act_of_1944
Affordable_Care_Act,Commission_on_Key_National_Indicators
Affordable_Care_Act,Preexisting_condition
Affordable_Care_Act,Community_rating
Affordable_Care_Act,National_Academy_of_Medicine
Affordable_Care_Act,United_States_Preventive_Services_Task_Force
Affordable_Care_Act,Contraception
Affordable_Care_Act,Institute_of_Medicine
Affordable_Care_Act,Sheldon_Whitehouse
Affordable_Care_Act,Policyholder
Affordable_Care_Act,Copayment
Affordable_Care_Act,Co-insurance
Affordable_Care_Act,Deductible
Affordable_Care_Act,Mammograms
Affordable_Care_Act,Colonoscopy
Affordable_Care_Act,Gestational_diabetes
Affordable_Care_Act,Human_papillomavirus
Affordable_Care_Act,Sexually_transmitted_infection
Affordable_Care_Act,Human_immunodeficiency_virus
Affordable_Care_Act,Domestic_violence
Affordable_Care_Act,Health_care_prices_in_the_United_States
Affordable_Care_Act,Appeal
Affordable_Care_Act,Loss_ratio
Affordable_Care_Act,Health_insurance_mandate
Affordable_Care_Act,Death_spiral_(insurance)
Affordable_Care_Act,Free_rider_problem
Affordable_Care_Act,Risk_pool
Affordable_Care_Act,Illegal_immigrant_population_of_the_United_States
Affordable_Care_Act,Subsidies
Affordable_Care_Act,Medicaid_coverage_gap
Affordable_Care_Act,Health_insurance_marketplace
Affordable_Care_Act,Federal_poverty_level
Affordable_Care_Act,Subsidy
Affordable_Care_Act,Children's_Health_Insurance_Program
Affordable_Care_Act,Tax_credit
Affordable_Care_Act,Adjusted_gross_income
Affordable_Care_Act,Small_Business_Health_Options_Program
Affordable_Care_Act,Cost_sharing_reductions_subsidy
Affordable_Care_Act,Mandatory_spending
Affordable_Care_Act,Risk_corridor
Affordable_Care_Act,Department_of_Health_and_Human_Services
Affordable_Care_Act,Medicare_Part_D
Affordable_Care_Act,"Consolidated_Appropriations_Act,_2014"
Affordable_Care_Act,United_States_Court_of_Federal_Claims
Affordable_Care_Act,Moda_Health
Affordable_Care_Act,Thomas_C._Wheeler
Affordable_Care_Act,United_States_Court_of_Appeals_for_the_Federal_Circuit
Affordable_Care_Act,Poverty_line_in_the_United_States
Affordable_Care_Act,Government_Accountability_Office
Affordable_Care_Act,Medicare_Payment_Advisory_Commission
Affordable_Care_Act,Cadillac_tax
Affordable_Care_Act,"Consolidated_Appropriations_Act,_2016"
Affordable_Care_Act,State_Children's_Health_Insurance_Program
Affordable_Care_Act,Hospital-acquired_condition
Affordable_Care_Act,Hospital_readmission
Affordable_Care_Act,Bundled_payment
Affordable_Care_Act,Center_for_Medicare_and_Medicaid_Innovation
Affordable_Care_Act,Independent_Payment_Advisory_Board
Affordable_Care_Act,Accountable_care_organization
Affordable_Care_Act,Hospital-acquired_infection
Affordable_Care_Act,Electronic_medical_record
Affordable_Care_Act,Fee-for-service
Affordable_Care_Act,Hip_replacement
Affordable_Care_Act,Medicare_Shared_Savings_Program
Affordable_Care_Act,Chronic_disease
Affordable_Care_Act,Health_maintenance_organization
Affordable_Care_Act,Medicare_Part_D_coverage_gap
Affordable_Care_Act,Community_Living_Assistance_Services_and_Supports_Act
Affordable_Care_Act,Long-term_care_insurance
Affordable_Care_Act,Mountain_Health_CO-OP
Affordable_Care_Act,Nutrition_labeling_requirements_of_the_Affordable_Care_Act
Affordable_Care_Act,Health_care_reform_in_the_United_States
Affordable_Care_Act,Health_care_reform_debate_in_the_United_States
Affordable_Care_Act,Health_savings_account
Affordable_Care_Act,Medical_savings_account_(United_States)
Affordable_Care_Act,Flexible_spending_account
Affordable_Care_Act,The_Heritage_Foundation
Affordable_Care_Act,Conservatism_in_the_United_States
Affordable_Care_Act,Single-payer_health_care
Affordable_Care_Act,Republican_Party_(United_States)
Affordable_Care_Act,Emergency_Medical_Treatment_and_Active_Labor_Act
Affordable_Care_Act,Bill_Clinton
Affordable_Care_Act,Clinton_health_care_plan_of_1993
Affordable_Care_Act,105th_United_States_Congress
Affordable_Care_Act,Health_Equity_and_Access_Reform_Today_Act
Affordable_Care_Act,John_Chafee
Affordable_Care_Act,Orrin_Hatch
Affordable_Care_Act,Chuck_Grassley
Affordable_Care_Act,Bob_Bennett_(politician)
Affordable_Care_Act,Kit_Bond
Affordable_Care_Act,Don_Nickles
Affordable_Care_Act,George_H._W._Bush
Affordable_Care_Act,Massachusetts
Affordable_Care_Act,Massachusetts_health_care_reform
Affordable_Care_Act,Mitt_Romney
Affordable_Care_Act,"Mitt_Romney_presidential_campaign,_2008"
Affordable_Care_Act,Jim_DeMint
Affordable_Care_Act,Ron_Wyden
Affordable_Care_Act,Healthy_Americans_Act
Affordable_Care_Act,Peter_R._Orszag
Affordable_Care_Act,Office_of_Management_and_Budget
Affordable_Care_Act,The_Dartmouth_Institute_for_Health_Policy_and_Clinical_Practice
Affordable_Care_Act,Health_care_reforms_proposed_during_the_Obama_administration
Affordable_Care_Act,2008_Democratic_presidential_primaries
Affordable_Care_Act,Hillary_Clinton
Affordable_Care_Act,2008_United_States_presidential_election
Affordable_Care_Act,John_McCain
Affordable_Care_Act,"Barack_Obama_speech_to_joint_session_of_Congress,_September_2009"
Affordable_Care_Act,United_States_Senate_Committee_on_Finance
Affordable_Care_Act,Max_Baucus
Affordable_Care_Act,Jeff_Bingaman
Affordable_Care_Act,Kent_Conrad
Affordable_Care_Act,Mike_Enzi
Affordable_Care_Act,Olympia_Snowe
Affordable_Care_Act,MIT
Affordable_Care_Act,Jonathan_Gruber_(economist)
Affordable_Care_Act,David_Cutler
Affordable_Care_Act,Supermajority
Affordable_Care_Act,Howard_Baker
Affordable_Care_Act,Bob_Dole
Affordable_Care_Act,Tom_Daschle
Affordable_Care_Act,George_J._Mitchell
Affordable_Care_Act,Filibuster_in_the_United_States_Senate
Affordable_Care_Act,Party_leaders_of_the_United_States_Senate
Affordable_Care_Act,Mitch_McConnell
Affordable_Care_Act,Ezra_Klein
Affordable_Care_Act,The_New_Yorker
Affordable_Care_Act,Lobbying
Affordable_Care_Act,Blue_Dog_Coalition
Affordable_Care_Act,Taxpayer_March_on_Washington
Affordable_Care_Act,Tea_Party_movement
Affordable_Care_Act,Affordable_Health_Care_for_America_Act
Affordable_Care_Act,United_States_Constitution
Affordable_Care_Act,Internal_Revenue_Code
Affordable_Care_Act,"United_States_Senate_Committee_on_Health,_Education,_Labor,_and_Pensions"
Affordable_Care_Act,"United_States_Senate_election_in_Minnesota,_2008"
Affordable_Care_Act,Al_Franken
Affordable_Care_Act,Arlen_Specter
Affordable_Care_Act,Senate_Majority_Leader
Affordable_Care_Act,Harry_Reid
Affordable_Care_Act,Joe_Lieberman
Affordable_Care_Act,Ben_Nelson
Affordable_Care_Act,Public_health_insurance_option
Affordable_Care_Act,Green_Mountain_Care
Affordable_Care_Act,Abortion_debate
Affordable_Care_Act,Cloture
Affordable_Care_Act,Jim_Bunning
Affordable_Care_Act,American_Medical_Association
Affordable_Care_Act,AARP
Affordable_Care_Act,Scott_Brown_(politician)
Affordable_Care_Act,"United_States_Senate_special_election_in_Massachusetts,_2010"
Affordable_Care_Act,Ted_Kennedy
Affordable_Care_Act,White_House_Chief_of_Staff
Affordable_Care_Act,Rahm_Emanuel
Affordable_Care_Act,Speaker_of_the_United_States_House_of_Representatives
Affordable_Care_Act,Nancy_Pelosi
Affordable_Care_Act,Anthem_(company)
Affordable_Care_Act,California
Affordable_Care_Act,United_States_congressional_conference_committee
Affordable_Care_Act,Reconciliation_(United_States_Congress)
Affordable_Care_Act,Congressional_Budget_and_Impoundment_Control_Act_of_1974
Affordable_Care_Act,Anti-abortion_movements
Affordable_Care_Act,Bart_Stupak
Affordable_Care_Act,Executive_Order_13535
Affordable_Care_Act,Hyde_Amendment
Affordable_Care_Act,American_Rescue_Plan_Act_of_2021
Affordable_Care_Act,COVID-19_pandemic_in_the_United_States
Affordable_Care_Act,Inflation_Reduction_Act_of_2022
Affordable_Care_Act,Health_insurance_coverage_in_the_United_States
Affordable_Care_Act,United_States_Department_of_Health_and_Human_Services
Affordable_Care_Act,Urban_Institute
Affordable_Care_Act,Excise_tax_in_the_United_States
Affordable_Care_Act,Fiscal_year
Affordable_Care_Act,Centers_for_Medicare_and_Medicaid_Services
Affordable_Care_Act,Kaiser_Family_Foundation
Affordable_Care_Act,Cost_sharing
Affordable_Care_Act,Alabama
Affordable_Care_Act,HealthCare.gov
Affordable_Care_Act,Alaska
Affordable_Care_Act,Arizona
Affordable_Care_Act,Arkansas
Affordable_Care_Act,Arkansas_Health_Connector
Affordable_Care_Act,Covered_California
Affordable_Care_Act,Colorado
Affordable_Care_Act,Connect_for_Health_Colorado
Affordable_Care_Act,Connecticut
Affordable_Care_Act,Access_Health_CT
Affordable_Care_Act,Delaware
Affordable_Care_Act,Florida
Affordable_Care_Act,Georgia_(U.S._state)
Affordable_Care_Act,Hawaii
Affordable_Care_Act,Hawaii_Health_Connector
Affordable_Care_Act,Idaho
Affordable_Care_Act,Your_Health_Idaho
Affordable_Care_Act,2018_Idaho_Proposition_2
Affordable_Care_Act,Illinois
Affordable_Care_Act,Illinois_Health_Benefits_Exchange
Affordable_Care_Act,Indiana
Affordable_Care_Act,Iowa
Affordable_Care_Act,Kansas
Affordable_Care_Act,Kentucky
Affordable_Care_Act,Kynect
Affordable_Care_Act,Louisiana
Affordable_Care_Act,Maine
Affordable_Care_Act,2017_Maine_Question_2
Affordable_Care_Act,Maryland
Affordable_Care_Act,Maryland_Health_Connection
Affordable_Care_Act,Michigan
Affordable_Care_Act,Minnesota
Affordable_Care_Act,MNsure
Affordable_Care_Act,Mississippi
Affordable_Care_Act,Missouri
Affordable_Care_Act,2020_Missouri_Amendment_2
Affordable_Care_Act,Montana
Affordable_Care_Act,Nebraska
Affordable_Care_Act,2018_Nebraska_Initiative_427
Affordable_Care_Act,Nevada
Affordable_Care_Act,Nevada_Health_Link
Affordable_Care_Act,New_Hampshire
Affordable_Care_Act,New_Jersey
Affordable_Care_Act,New_Mexico
Affordable_Care_Act,New_Mexico_Health_Insurance_Exchange
Affordable_Care_Act,NY_State_of_Health
Affordable_Care_Act,North_Dakota
Affordable_Care_Act,North_Carolina
Affordable_Care_Act,Ohio
Affordable_Care_Act,Oklahoma
Affordable_Care_Act,2020_Oklahoma_State_Question_802
Affordable_Care_Act,Oregon
Affordable_Care_Act,Cover_Oregon
Affordable_Care_Act,Pennsylvania
Affordable_Care_Act,Pennie
Affordable_Care_Act,Rhode_Island
Affordable_Care_Act,HealthSource_RI
Affordable_Care_Act,South_Carolina
Affordable_Care_Act,South_Dakota
Affordable_Care_Act,Tennessee
Affordable_Care_Act,Texas
Affordable_Care_Act,Utah
Affordable_Care_Act,2018_Utah_Proposition_3
Affordable_Care_Act,Vermont
Affordable_Care_Act,Vermont_Health_Connect
Affordable_Care_Act,Virginia
Affordable_Care_Act,Washington_(state)
Affordable_Care_Act,Washington_Healthplanfinder
Affordable_Care_Act,"Washington,_D.C."
Affordable_Care_Act,DC_Health_Link
Affordable_Care_Act,West_Virginia
Affordable_Care_Act,Wisconsin
Affordable_Care_Act,Wyoming
Affordable_Care_Act,Health_insurance_costs_in_the_United_States
Affordable_Care_Act,2008_financial_crisis
Affordable_Care_Act,Great_Recession
Affordable_Care_Act,JAMA_(journal)
Affordable_Care_Act,Quarterly_Journal_of_Economics
Affordable_Care_Act,Randomized_controlled_trial
Affordable_Care_Act,United_States_public_debt
Affordable_Care_Act,Government_spending
Affordable_Care_Act,Government_revenue
Affordable_Care_Act,United_States_Congress_Joint_Committee_on_Taxation
Affordable_Care_Act,Dynamic_scoring
Affordable_Care_Act,Medicare_Sustainable_Growth_Rate
Affordable_Care_Act,Center_on_Budget_and_Policy_Priorities
Affordable_Care_Act,Health_economist
Affordable_Care_Act,Uwe_Reinhardt
Affordable_Care_Act,Douglas_Holtz-Eakin
Affordable_Care_Act,Preventive_medicine
Affordable_Care_Act,David_M._Walker_(U.S._Comptroller_General)
Affordable_Care_Act,Perverse_incentive
Affordable_Care_Act,Federal_Reserve_Bank_of_Minneapolis
Affordable_Care_Act,Marginal_cost
Affordable_Care_Act,Rural_area
Affordable_Care_Act,Hill–Burton_Act
Affordable_Care_Act,Emergency_department
Affordable_Care_Act,Urgent_care
Affordable_Care_Act,Michael_Monuteaux
Affordable_Care_Act,Center_for_Economic_and_Policy_Research
Affordable_Care_Act,Job_lock
Affordable_Care_Act,False_Claims_Act_of_1863
Affordable_Care_Act,United_States_Supreme_Court
Affordable_Care_Act,Graham_County_Soil_&_Water_Conservation_District_v._United_States_ex_rel._Wilson
Affordable_Care_Act,Qui_tam
Affordable_Care_Act,Opinion_poll
Affordable_Care_Act,Non-Hispanic_whites
Affordable_Care_Act,Hispanic_and_Latino_Americans
Affordable_Care_Act,African_American
Affordable_Care_Act,Rasmussen_Reports
Affordable_Care_Act,Pejorative
Affordable_Care_Act,Elspeth_Reeve
Affordable_Care_Act,Lobbyist
Affordable_Care_Act,Rudy_Giuliani
Affordable_Care_Act,John_Edwards
Affordable_Care_Act,Hillarycare
Affordable_Care_Act,Colloquial
Affordable_Care_Act,2024_Democratic_National_Convention
Affordable_Care_Act,Death_panel
Affordable_Care_Act,Sarah_Palin
Affordable_Care_Act,Advance_health_care_directive
Affordable_Care_Act,HR_3200
Affordable_Care_Act,Pew_Research_Center
Affordable_Care_Act,PolitiFact
Affordable_Care_Act,FactCheck.org
Affordable_Care_Act,American_Dialect_Society
Affordable_Care_Act,Federal_Employees_Health_Benefits_Program
Affordable_Care_Act,Alien_(law)
Affordable_Care_Act,Median
Affordable_Care_Act,Universal_healthcare
Affordable_Care_Act,Donald_Trump
Affordable_Care_Act,AFL–CIO
Affordable_Care_Act,International_Brotherhood_of_Teamsters
Affordable_Care_Act,United_Food_and_Commercial_Workers_International_Union
Affordable_Care_Act,UNITE-HERE
Affordable_Care_Act,Laborers'_International_Union_of_North_America
Affordable_Care_Act,UNITE_HERE
Affordable_Care_Act,D._Taylor
Affordable_Care_Act,Mark_Dayton
Affordable_Care_Act,Socialist
Affordable_Care_Act,Socialized_medicine
Affordable_Care_Act,Democratic_socialism
Affordable_Care_Act,Communism
Affordable_Care_Act,Efforts_to_repeal_the_Patient_Protection_and_Affordable_Care_Act
Affordable_Care_Act,Catholic_Church
Affordable_Care_Act,USCCB
Affordable_Care_Act,First_Amendment_to_the_United_States_Constitution
Affordable_Care_Act,Free_Exercise_Clause
Affordable_Care_Act,Clarence_Thomas
Affordable_Care_Act,Elena_Kagan
Affordable_Care_Act,Stephen_Breyer
Affordable_Care_Act,Reed_O'Connor
Affordable_Care_Act,House_v._Price
Affordable_Care_Act,United_States_House_of_Representatives_v._Azar
Affordable_Care_Act,Rosemary_M._Collyer
Affordable_Care_Act,United_States_Court_of_Appeals_for_the_District_of_Columbia_Circuit
Affordable_Care_Act,United_States_District_Court_for_the_Northern_District_of_Texas
Affordable_Care_Act,United_States_Department_of_Justice
Affordable_Care_Act,United_States_Court_of_Appeals_for_the_Fifth_Circuit
Affordable_Care_Act,Standing_(law)
Affordable_Care_Act,Gender_identity
Affordable_Care_Act,Title_IX
Affordable_Care_Act,Biological_sex
Affordable_Care_Act,United_States_District_Court_for_the_Southern_District_of_Mississippi
Affordable_Care_Act,Administrative_Procedure_Act
Affordable_Care_Act,Transgender
Affordable_Care_Act,Delay_in_application_of_the_Individual_Health_Insurance_Mandate
Affordable_Care_Act,Nonviolence
Affordable_Care_Act,Efforts_to_repeal_the_Affordable_Care_Act
Affordable_Care_Act,112th_United_States_Congress
Affordable_Care_Act,113th_United_States_Congress
Affordable_Care_Act,Steve_King
Affordable_Care_Act,Michele_Bachmann
Affordable_Care_Act,U.S._Presidential_veto
Affordable_Care_Act,United_States_federal_government_shutdown_of_2013
Affordable_Care_Act,2017_Patient_Protection_and_Affordable_Care_Act_replacement_proposals
Affordable_Care_Act,115th_United_States_Congress
Affordable_Care_Act,Filibuster
Affordable_Care_Act,Republican_Conference_of_the_United_States_House_of_Representatives
Affordable_Care_Act,American_Health_Care_Act
Affordable_Care_Act,Susan_Collins
Affordable_Care_Act,Lisa_Murkowski
Affordable_Care_Act,Mike_Pence
Affordable_Care_Act,2024_United_States_presidential_debates
Affordable_Care_Act,JD_Vance
Affordable_Care_Act,Disability
Affordable_Care_Act,Social_safety_net
Affordable_Care_Act,Kamala_Harris_2024_presidential_campaign
Affordable_Care_Act,2025_United_States_federal_government_shutdown
Affordable_Care_Act,Marco_Rubio
Affordable_Care_Act,Certiorari
Affordable_Care_Act,Howard_Dean
Affordable_Care_Act,Bailout
Affordable_Care_Act,American_International_Group
Affordable_Care_Act,Paul_Starr
Affordable_Care_Act,Right_to_health
Affordable_Care_Act,Point_of_sale
Affordable_Care_Act,Cooperative
Affordable_Care_Act,Implementation_history_of_the_Patient_Protection_and_Affordable_Care_Act
Affordable_Care_Act,Pre-existing_Condition_Insurance_Plan
Affordable_Care_Act,Internal_Revenue_Service
Affordable_Care_Act,Burwell_v._Hobby_Lobby
Affordable_Care_Act,SNL
Affordable_Care_Act,Dwayne_Johnson
Affordable_Care_Act,Jay_Pharoah
Affordable_Care_Act,Aaron_Paul
Affordable_Care_Act,Social_policy
Affordable_Care_Act,Health_policy
Affordable_Care_Act,Broccoli_mandate
Affordable_Care_Act,Comparison_of_the_healthcare_systems_in_Canada_and_the_United_States
Affordable_Care_Act,Medicare_Access_and_CHIP_Reauthorization_Act_of_2015
Affordable_Care_Act,Universal_health_care
Affordable_Care_Act,Universal_health_coverage_by_country
Affordable_Care_Act,Health_care_compared
Affordable_Care_Act,Health_Affairs
Affordable_Care_Act,Doi_(identifier)
Affordable_Care_Act,ISSN_(identifier)
Affordable_Care_Act,OCLC_(identifier)
Affordable_Care_Act,PMID_(identifier)
Affordable_Care_Act,The_New_England_Journal_of_Medicine
Affordable_Care_Act,S2CID_(identifier)
Affordable_Care_Act,Oxford_University_Press
Affordable_Care_Act,ISBN_(identifier)
Affordable_Care_Act,Joan_Biskupic
Affordable_Care_Act,Reuters
Affordable_Care_Act,Hdl_(identifier)
Affordable_Care_Act,The_Hill_(newspaper)
Affordable_Care_Act,The_New_York_Times
Affordable_Care_Act,National_Association_of_Personal_Financial_Advisors
Affordable_Care_Act,Wayback_Machine
Affordable_Care_Act,The_Washington_Post
Affordable_Care_Act,CNN
Affordable_Care_Act,HuffPost
Affordable_Care_Act,Blue_Cross_Blue_Shield_of_Michigan
Affordable_Care_Act,The_New_Republic
Affordable_Care_Act,Forbes
Affordable_Care_Act,Congressional_Research_Service
Affordable_Care_Act,The_Christian_Science_Monitor
Affordable_Care_Act,CNNMoney
Affordable_Care_Act,Fox_News
Affordable_Care_Act,Roll_Call
Affordable_Care_Act,Centers_for_Medicare_&_Medicaid_Services
Affordable_Care_Act,Los_Angeles_Times
Affordable_Care_Act,Commonwealth_Fund
Affordable_Care_Act,Tax_Policy_Center
Affordable_Care_Act,The_Wall_Street_Journal
Affordable_Care_Act,Whitehouse.gov
Affordable_Care_Act,NARA
Affordable_Care_Act,New_York_(magazine)
Affordable_Care_Act,Questex
Affordable_Care_Act,Newsweek
Affordable_Care_Act,PMC_(identifier)
Affordable_Care_Act,NPR
Affordable_Care_Act,The_Atlantic
Affordable_Care_Act,Ryan_Lizza
Affordable_Care_Act,Library_of_Congress
Affordable_Care_Act,THOMAS
Affordable_Care_Act,The_Boston_Globe
Affordable_Care_Act,United_States_House_Committee_on_Education_and_Labor
Affordable_Care_Act,C-SPAN
Affordable_Care_Act,Associated_Press
Affordable_Care_Act,FiveThirtyEight
Affordable_Care_Act,Politico
Affordable_Care_Act,Federal_Register
Affordable_Care_Act,ABC_News_(United_States)
Affordable_Care_Act,MSNBC
Affordable_Care_Act,USA_Today
Affordable_Care_Act,Bloomberg_News
Affordable_Care_Act,U.S._News_&_World_Report
Affordable_Care_Act,Subject-matter_experts
Affordable_Care_Act,LCCN_(identifier)
Affordable_Care_Act,PolitiFact.com
Affordable_Care_Act,Alan_Colmes
Affordable_Care_Act,CBS_News
Affordable_Care_Act,Morning_Consult
Affordable_Care_Act,Salon.com
Affordable_Care_Act,Snopes
Affordable_Care_Act,The_Economist
Affordable_Care_Act,CNBC
Affordable_Care_Act,Business_Insider
Affordable_Care_Act,Steve_Benen
Affordable_Care_Act,Salon_(website)
Affordable_Care_Act,NBC_News
Affordable_Care_Act,Vox_(website)
Affordable_Care_Act,Bibcode_(identifier)
Affordable_Care_Act,AP_News
Affordable_Care_Act,JSTOR_(identifier)
Affordable_Care_Act,Steven_Brill_(journalist)
Affordable_Care_Act,Sherry_Glied
Affordable_Care_Act,United_States_Government_Publishing_Office
Affordable_Care_Act,Template_talk:PPACA
Affordable_Care_Act,Contraceptive_mandate_(United_States)
Affordable_Care_Act,Premium_tax_credit
Affordable_Care_Act,Physician_Payments_Sunshine_Act
Affordable_Care_Act,Authority_for_Mandate_Delay_Act_(H.R._2667
Affordable_Care_Act,Patient-Centered_Outcomes_Research_Institute
Affordable_Care_Act,America's_Affordable_Health_Choices_Act_of_2009
Affordable_Care_Act,America's_Healthy_Future_Act
Affordable_Care_Act,Medicare_for_All_Act
Affordable_Care_Act,Healthcare_reform_in_the_United_States
